family,asset,param,horizon,qualified,reasons,n,net,stress,delay,top5,sample
H160,WDO,z1.0_inverse,60,False,EDGE|STRESS|SIDES|CALENDAR,217,0.13159082882769757,-0.8684091711723022,0.8168639138556445,0.15347391998881812,DISCOVERY
H160,WDO,z1.0_inverse,120,False,CALENDAR,217,2.6763249328425065,1.6763249328425065,2.6066973967020086,0.12841223708671856,DISCOVERY
H160,WDO,z1.0_stress,60,False,EDGE|STRESS|DELAY|SIDES|CALENDAR,217,-3.1315908288276972,-4.131590828827697,-3.8168639138556446,0.16057065695108258,DISCOVERY
H160,WDO,z1.0_stress,120,False,EDGE|STRESS|DELAY|SIDES|CALENDAR,217,-5.676324932842507,-6.676324932842507,-5.606697396702008,0.18018857049596848,DISCOVERY
H160,WDO,z1.5_inverse,60,False,EDGE|STRESS|DELAY|SIDES|CALENDAR,133,-2.1237813696805996,-3.1237813696805996,-1.6014178559147947,0.22885999815014108,DISCOVERY
H160,WDO,z1.5_inverse,120,False,STRESS|CALENDAR,133,0.49899383830004107,-0.5010061616999596,0.3722237375828773,0.1718039621006183,DISCOVERY
H160,WDO,z1.5_stress,60,False,EDGE|STRESS|DELAY|SIDES|CALENDAR,133,-0.8762186303194001,-1.8762186303194002,-1.3985821440852058,0.24045273951055526,DISCOVERY
H160,WDO,z1.5_stress,120,False,EDGE|STRESS|DELAY|SIDES|CALENDAR,133,-3.498993838300041,-4.4989938383000405,-3.3722237375828765,0.2608165949586574,DISCOVERY
H160,WIN,z1.0_inverse,60,False,DELAY|CALENDAR,217,1.2542914328787615,0.25429143287876144,-2.414973808838927,0.11000903899996683,DISCOVERY
H160,WIN,z1.0_inverse,120,False,CALENDAR,217,3.6303714877072837,2.630371487707283,1.0087561913700662,0.12616987424007858,DISCOVERY
H160,WIN,z1.0_riskoff,60,False,EDGE|STRESS|DELAY|SIDES|CALENDAR,217,-5.254291432878762,-6.2542914328787615,-1.5850261911610728,0.14163782369849406,DISCOVERY
H160,WIN,z1.0_riskoff,120,False,EDGE|STRESS|DELAY|SIDES|CALENDAR,217,-7.630371487707284,-8.630371487707285,-5.008756191370067,0.15828650326360774,DISCOVERY
H160,WIN,z1.5_inverse,60,False,EDGE|STRESS|DELAY|SIDES|CALENDAR,133,-1.4059399197155673,-2.4059399197155673,-3.965194205323123,0.19221713674065702,DISCOVERY
H160,WIN,z1.5_inverse,120,False,EDGE|STRESS|DELAY|SIDES|CALENDAR,133,-0.10701070286908827,-1.1070107028690888,-2.1636730626765277,0.21267520930204944,DISCOVERY
H160,WIN,z1.5_riskoff,60,False,EDGE|STRESS|DELAY|SIDES|CALENDAR,133,-2.5940600802844336,-3.5940600802844336,-0.03480579467687777,0.20791602896607492,DISCOVERY
H160,WIN,z1.5_riskoff,120,False,EDGE|STRESS|DELAY|SIDES|CALENDAR,133,-3.8929892971309132,-4.892989297130914,-1.8363269373234719,0.22884017070343254,DISCOVERY
H160,WDO,z1.0_inverse,60,False,SIDES|CALENDAR,201,3.0468874016981915,2.0468874016981915,2.1148576156938663,0.13005393926673717,REPLICATION
H160,WDO,z1.0_inverse,120,False,SIDES|CALENDAR,201,2.6909602014800256,1.6909602014800262,3.062735494683675,0.14996283418990317,REPLICATION
H160,WDO,z1.0_stress,60,False,EDGE|STRESS|DELAY|SIDES|CALENDAR,201,-6.046887401698191,-7.046887401698193,-5.114857615693865,0.17862859571507128,REPLICATION
H160,WDO,z1.0_stress,120,False,EDGE|STRESS|DELAY|SIDES|CALENDAR,201,-5.690960201480026,-6.690960201480026,-6.062735494683675,0.15627035605949186,REPLICATION
H160,WDO,z1.5_inverse,60,True,,93,9.552296434559345,8.552296434559345,6.864743516578353,0.21789540545835484,REPLICATION
H160,WDO,z1.5_inverse,120,False,SIDES,93,8.438256342791249,7.43825634279125,10.066248177978656,0.228016059108989,REPLICATION
H160,WDO,z1.5_stress,60,False,EDGE|STRESS|DELAY|SIDES|CALENDAR,93,-12.552296434559345,-13.552296434559345,-9.864743516578354,0.38750473833110843,REPLICATION
H160,WDO,z1.5_stress,120,False,EDGE|STRESS|DELAY|SIDES|CALENDAR,93,-11.43825634279125,-12.43825634279125,-13.066248177978657,0.33229942734872187,REPLICATION
H160,WIN,z1.0_inverse,60,False,CALENDAR,201,1.8753884546078725,0.875388454607873,0.7921894547454539,0.12295922849258953,REPLICATION
H160,WIN,z1.0_inverse,120,False,SIDES|CALENDAR,201,3.6064705570917286,2.606470557091728,4.6716946133866,0.18025530593776823,REPLICATION
H160,WIN,z1.0_riskoff,60,False,EDGE|STRESS|DELAY|SIDES|CALENDAR,201,-5.875388454607872,-6.875388454607872,-4.792189454745453,0.19787025160248378,REPLICATION
H160,WIN,z1.0_riskoff,120,False,EDGE|STRESS|DELAY|SIDES|CALENDAR,201,-7.606470557091729,-8.606470557091729,-8.6716946133866,0.17710946551050308,REPLICATION
H160,WIN,z1.5_inverse,60,False,CALENDAR,93,2.4133205592830893,1.4133205592830895,3.7721223438784026,0.21673906516638203,REPLICATION
H160,WIN,z1.5_inverse,120,False,EDGE|STRESS|SIDES|CALENDAR,93,-2.7133235770125546,-3.7133235770125546,2.6134067799298144,0.2803363039096489,REPLICATION
H160,WIN,z1.5_riskoff,60,False,EDGE|STRESS|DELAY|SIDES|CALENDAR,93,-6.413320559283089,-7.413320559283089,-7.7721223438784035,0.3447281715824696,REPLICATION
H160,WIN,z1.5_riskoff,120,False,EDGE|STRESS|DELAY|SIDES|CALENDAR,93,-1.2866764229874474,-2.2866764229874463,-6.613406779929817,0.2882806690989065,REPLICATION
H162,WDO,z1.0_inverse,60,False,MIN_TRADES|DELAY|SIDES|CALENDAR|CONCENTRATION,1,55.91857478210876,54.91857478210876,32.30915432978138,1.0,DISCOVERY
H162,WDO,z1.0_inverse,120,False,MIN_TRADES|DELAY|SIDES|CALENDAR|CONCENTRATION,1,23.107259239669553,22.107259239669553,-0.5861060389357728,1.0,DISCOVERY
H162,WDO,z1.0_stress,60,False,MIN_TRADES|EDGE|STRESS|DELAY|SIDES|CALENDAR|CONCENTRATION,1,-58.91857478210876,-59.91857478210876,-35.30915432978138,1.0,DISCOVERY
H162,WDO,z1.0_stress,120,False,MIN_TRADES|EDGE|STRESS|DELAY|SIDES|CALENDAR|CONCENTRATION,1,-26.107259239669553,-27.107259239669553,-2.413893961064227,1.0,DISCOVERY
H162,WIN,z1.0_inverse,60,False,MIN_TRADES|DELAY|SIDES|CALENDAR|CONCENTRATION,1,93.15989408290126,92.15989408290126,39.116805940080155,1.0,DISCOVERY
H162,WIN,z1.0_inverse,120,False,MIN_TRADES|DELAY|SIDES|CALENDAR|CONCENTRATION,1,66.6169671045933,65.6169671045933,39.116805940080155,1.0,DISCOVERY
H162,WIN,z1.0_riskoff,60,False,MIN_TRADES|EDGE|STRESS|DELAY|SIDES|CALENDAR|CONCENTRATION,1,-97.15989408290126,-98.15989408290126,-43.116805940080155,1.0,DISCOVERY
H162,WIN,z1.0_riskoff,120,False,MIN_TRADES|EDGE|STRESS|DELAY|SIDES|CALENDAR|CONCENTRATION,1,-70.6169671045933,-71.6169671045933,-43.116805940080155,1.0,DISCOVERY
H162,WDO,z1.0_inverse,60,False,MIN_TRADES|DELAY|SIDES|CALENDAR|CONCENTRATION,58,2.7052294283795706,1.7052294283795706,3.2451957454854377,0.461538339621398,REPLICATION
H162,WDO,z1.0_inverse,120,False,MIN_TRADES|EDGE|STRESS|DELAY|SIDES|CALENDAR|CONCENTRATION,58,-0.1648410208155959,-1.1648410208155955,4.91436736314874,0.4574477253145145,REPLICATION
H162,WDO,z1.0_stress,60,False,MIN_TRADES|EDGE|STRESS|DELAY|SIDES|CALENDAR|CONCENTRATION,58,-5.70522942837957,-6.70522942837957,-6.2451957454854385,0.4288778660573515,REPLICATION
H162,WDO,z1.0_stress,120,False,MIN_TRADES|EDGE|STRESS|DELAY|SIDES,58,-2.8351589791844054,-3.835158979184406,-7.914367363148743,0.3451632480231849,REPLICATION
H162,WDO,z1.5_inverse,60,False,MIN_TRADES|DELAY|SIDES|CALENDAR|CONCENTRATION,35,4.9571352440067225,3.957135244006723,3.8472307608268816,0.7036125992720824,REPLICATION
H162,WDO,z1.5_inverse,120,False,MIN_TRADES|DELAY|SIDES|CALENDAR|CONCENTRATION,35,4.539169571243461,3.5391695712434617,13.14609231099783,0.6143269281756404,REPLICATION
H162,WDO,z1.5_stress,60,False,MIN_TRADES|EDGE|STRESS|DELAY|SIDES|CALENDAR|CONCENTRATION,35,-7.9571352440067225,-8.957135244006722,-6.847230760826882,0.6142596938133089,REPLICATION
H162,WDO,z1.5_stress,120,False,MIN_TRADES|EDGE|STRESS|DELAY|SIDES|CALENDAR|CONCENTRATION,35,-7.539169571243461,-8.539169571243463,-16.146092310997833,0.4711430187773035,REPLICATION
H162,WIN,z1.0_inverse,60,False,MIN_TRADES|DELAY|SIDES|CALENDAR|CONCENTRATION,58,2.499515907233918,1.499515907233918,-1.5761158252093865,0.4980003497578859,REPLICATION
H162,WIN,z1.0_inverse,120,False,MIN_TRADES|DELAY|SIDES|CALENDAR,58,1.6127197874175645,0.6127197874175644,3.522809219270375,0.351795529534661,REPLICATION
H162,WIN,z1.0_riskoff,60,False,MIN_TRADES|EDGE|STRESS|DELAY|SIDES|CALENDAR|CONCENTRATION,58,-6.499515907233918,-7.499515907233918,-2.4238841747906146,0.43109178160345657,REPLICATION
H162,WIN,z1.0_riskoff,120,False,MIN_TRADES|EDGE|STRESS|DELAY|SIDES|CALENDAR,58,-5.612719787417564,-6.612719787417563,-7.522809219270375,0.31747608572451474,REPLICATION
H162,WIN,z1.5_inverse,60,False,MIN_TRADES|DELAY|SIDES|CALENDAR|CONCENTRATION,35,2.3031810764968226,1.3031810764968224,-5.225414974632847,0.6653429174960366,REPLICATION
H162,WIN,z1.5_inverse,120,False,MIN_TRADES|STRESS|DELAY|SIDES|CALENDAR|CONCENTRATION,35,0.8128960191602695,-0.18710398083973132,2.574386306248624,0.5080968467974493,REPLICATION
H162,WIN,z1.5_riskoff,60,False,MIN_TRADES|EDGE|STRESS|DELAY|SIDES|CALENDAR|CONCENTRATION,35,-6.303181076496823,-7.303181076496823,1.2254149746328473,0.575396782883327,REPLICATION
H162,WIN,z1.5_riskoff,120,False,MIN_TRADES|EDGE|STRESS|DELAY|SIDES|CALENDAR|CONCENTRATION,35,-4.81289601916027,-5.812896019160271,-6.574386306248623,0.4969662401599851,REPLICATION
H163,WDO,z1.0_inverse,60,False,EDGE|STRESS|DELAY|SIDES|CALENDAR,162,-2.496378785072369,-3.49637878507237,-2.525567808845297,0.20867638816417086,DISCOVERY
H163,WDO,z1.0_inverse,120,False,STRESS|DELAY|SIDES|CALENDAR,162,0.39703414372384055,-0.6029658562761598,-1.0886939377627822,0.19470012235630105,DISCOVERY
H163,WDO,z1.0_stress,60,False,EDGE|STRESS|DELAY|SIDES|CALENDAR,162,-0.5036212149276308,-1.5036212149276305,-0.4744321911547026,0.17503342025771534,DISCOVERY
H163,WDO,z1.0_stress,120,False,EDGE|STRESS|DELAY|SIDES|CALENDAR,162,-3.39703414372384,-4.3970341437238405,-1.9113060622372182,0.1762622292903967,DISCOVERY
H163,WDO,z1.5_inverse,60,False,EDGE|STRESS|DELAY|SIDES|CALENDAR,104,-1.5180433416023207,-2.5180433416023202,-2.4313782697290525,0.2912066092840795,DISCOVERY
H163,WDO,z1.5_inverse,120,False,EDGE|STRESS|DELAY|SIDES|CALENDAR,104,-2.3460009572191955,-3.346000957219196,-3.914837909879755,0.27759121190140773,DISCOVERY
H163,WDO,z1.5_stress,60,False,EDGE|STRESS|DELAY|SIDES|CALENDAR,104,-1.4819566583976795,-2.4819566583976798,-0.568621730270947,0.24289772140994675,DISCOVERY
H163,WDO,z1.5_stress,120,False,EDGE|STRESS|SIDES|CALENDAR,104,-0.6539990427808038,-1.6539990427808038,0.9148379098797549,0.24372411004536648,DISCOVERY
H163,WIN,z1.0_inverse,60,False,EDGE|STRESS|DELAY|SIDES|CALENDAR,162,-4.7638540284097495,-5.7638540284097495,-4.244699944260108,0.17058405994376485,DISCOVERY
H163,WIN,z1.0_inverse,120,False,EDGE|STRESS|DELAY|SIDES|CALENDAR,162,-4.815909225988762,-5.8159092259887615,-5.741471698516981,0.16897952493362292,DISCOVERY
H163,WIN,z1.0_riskoff,60,False,STRESS|SIDES|CALENDAR,162,0.7638540284097495,-0.23614597159025022,0.24469994426010833,0.14877235200485567,DISCOVERY
H163,WIN,z1.0_riskoff,120,False,STRESS|CALENDAR,162,0.8159092259887621,-0.18409077401123816,1.7414716985169805,0.1826423384011157,DISCOVERY
H163,WIN,z1.5_inverse,60,False,EDGE|STRESS|DELAY|SIDES|CALENDAR,104,-5.584251892175089,-6.584251892175089,-3.4860566801863544,0.26077290475313947,DISCOVERY
H163,WIN,z1.5_inverse,120,False,EDGE|STRESS|DELAY|SIDES|CALENDAR,104,-9.242030382816825,-10.242030382816825,-8.932055041311655,0.2705138774032542,DISCOVERY
H163,WIN,z1.5_riskoff,60,False,DELAY|CALENDAR,104,1.584251892175089,0.5842518921750889,-0.5139433198136444,0.22513029532812392,DISCOVERY
H163,WIN,z1.5_riskoff,120,False,SIDES|CALENDAR,104,5.242030382816822,4.242030382816822,4.932055041311655,0.2394989100269025,DISCOVERY
H163,WDO,z1.0_inverse,60,False,CALENDAR,357,2.6664776223634035,1.6664776223634032,2.473381726205964,0.08998017881523594,REPLICATION
H163,WDO,z1.0_inverse,120,False,CALENDAR,357,3.1224151870846746,2.1224151870846746,1.8850652411322022,0.07613429851934167,REPLICATION
H163,WDO,z1.0_stress,60,False,EDGE|STRESS|DELAY|SIDES|CALENDAR,357,-5.666477622363404,-6.666477622363404,-5.4733817262059645,0.09038204028220632,REPLICATION
H163,WDO,z1.0_stress,120,False,EDGE|STRESS|DELAY|SIDES|CALENDAR,357,-6.122415187084674,-7.122415187084675,-4.885065241132201,0.094325747298134,REPLICATION
H163,WDO,z1.5_inverse,60,False,CALENDAR,243,2.955104926412624,1.9551049264126241,2.0652174408200192,0.10375139943514972,REPLICATION
H163,WDO,z1.5_inverse,120,False,CALENDAR,243,2.7162964567091596,1.7162964567091596,0.2411075374729006,0.10336817423277618,REPLICATION
H163,WDO,z1.5_stress,60,False,EDGE|STRESS|DELAY|SIDES|CALENDAR,243,-5.955104926412624,-6.955104926412624,-5.065217440820018,0.1252183740601601,REPLICATION
H163,WDO,z1.5_stress,120,False,EDGE|STRESS|DELAY|SIDES|CALENDAR,243,-5.716296456709159,-6.716296456709159,-3.241107537472901,0.13189549106946094,REPLICATION
H163,WIN,z1.0_inverse,60,False,EDGE|STRESS|SIDES|CALENDAR,357,-2.0587304396661104,-3.0587304396661104,0.16793439454595682,0.10667222983978995,REPLICATION
H163,WIN,z1.0_inverse,120,False,EDGE|STRESS|SIDES|CALENDAR,357,-1.9787419893501033,-2.9787419893501026,0.49378950299214885,0.09423005120219861,REPLICATION
H163,WIN,z1.0_riskoff,60,False,EDGE|STRESS|DELAY|SIDES|CALENDAR,357,-1.9412695603338899,-2.941269560333889,-4.1679343945459575,0.10161092060674178,REPLICATION
H163,WIN,z1.0_riskoff,120,False,EDGE|STRESS|DELAY|SIDES|CALENDAR,357,-2.021258010649896,-3.021258010649896,-4.493789502992149,0.0891061267972251,REPLICATION
H163,WIN,z1.5_inverse,60,False,EDGE|STRESS|DELAY|SIDES|CALENDAR,243,-5.030217967569098,-6.030217967569098,-1.403744811696689,0.13399483408579,REPLICATION
H163,WIN,z1.5_inverse,120,False,EDGE|STRESS|DELAY|SIDES|CALENDAR,243,-7.62652010187594,-8.62652010187594,-3.1994599977647042,0.13764915433259325,REPLICATION
H163,WIN,z1.5_riskoff,60,False,DELAY|SIDES|CALENDAR,243,1.0302179675690988,0.0302179675690992,-2.596255188303311,0.13589739196642114,REPLICATION
H163,WIN,z1.5_riskoff,120,False,DELAY|SIDES|CALENDAR,243,3.62652010187594,2.62652010187594,-0.8005400022352973,0.119012832367565,REPLICATION
H164,WDO,z1.0_inverse,60,True,,194,5.201884633133538,4.201884633133538,5.346232431526834,0.14342347661437682,DISCOVERY
H164,WDO,z1.0_inverse,120,True,,194,7.072239852385382,6.072239852385382,8.201631739586947,0.16243066790625468,DISCOVERY
H164,WDO,z1.0_stress,60,False,EDGE|STRESS|DELAY|SIDES|CALENDAR,194,-8.201884633133538,-9.201884633133538,-8.346232431526836,0.24551558384557504,DISCOVERY
H164,WDO,z1.0_stress,120,False,EDGE|STRESS|DELAY|SIDES|CALENDAR,194,-10.072239852385383,-11.072239852385383,-11.201631739586947,0.21222245728996594,DISCOVERY
H164,WDO,z1.5_inverse,60,False,SIDES,121,3.0362114098206487,2.0362114098206483,2.6694200871680733,0.2248745112531782,DISCOVERY
H164,WDO,z1.5_inverse,120,False,SIDES|CALENDAR,121,4.525016194381407,3.525016194381408,5.285377321388172,0.251143388700085,DISCOVERY
H164,WDO,z1.5_stress,60,False,EDGE|STRESS|DELAY|SIDES|CALENDAR,121,-6.036211409820648,-7.036211409820648,-5.669420087168073,0.3374354679977521,DISCOVERY
H164,WDO,z1.5_stress,120,False,EDGE|STRESS|DELAY|SIDES|CALENDAR,121,-7.525016194381409,-8.525016194381408,-8.285377321388173,0.2732192514804399,DISCOVERY
H164,WIN,z1.0_inverse,60,False,CALENDAR,194,2.7880492545788544,1.7880492545788547,0.9557567822208085,0.13026254230037845,DISCOVERY
H164,WIN,z1.0_inverse,120,False,CALENDAR,194,8.462658363361244,7.462658363361245,7.06021450652657,0.13007417428928156,DISCOVERY
H164,WIN,z1.0_riskoff,60,False,EDGE|STRESS|DELAY|SIDES|CALENDAR,194,-6.788049254578855,-7.788049254578855,-4.955756782220808,0.19940098324777863,DISCOVERY
H164,WIN,z1.0_riskoff,120,False,EDGE|STRESS|DELAY|SIDES|CALENDAR,194,-12.462658363361244,-13.462658363361243,-11.06021450652657,0.18748889771588334,DISCOVERY
H164,WIN,z1.5_inverse,60,False,CALENDAR,121,2.261155136200007,1.261155136200007,0.8457534016903242,0.17596293476091848,DISCOVERY
H164,WIN,z1.5_inverse,120,False,CALENDAR,121,10.447675258703931,9.447675258703931,9.705655227266401,0.1893509361773855,DISCOVERY
H164,WIN,z1.5_riskoff,60,False,EDGE|STRESS|DELAY|SIDES|CALENDAR,121,-6.261155136200006,-7.261155136200006,-4.845753401690325,0.27221310404778715,DISCOVERY
H164,WIN,z1.5_riskoff,120,False,EDGE|STRESS|DELAY|SIDES|CALENDAR,121,-14.447675258703935,-15.447675258703931,-13.705655227266401,0.28596340752142174,DISCOVERY
H164,WDO,z1.0_inverse,60,False,EDGE|STRESS|DELAY|SIDES|CALENDAR,423,-1.8593589496777636,-2.8593589496777634,-5.015945355681612,0.08281724740495143,REPLICATION
H164,WDO,z1.0_inverse,120,False,EDGE|STRESS|DELAY|SIDES|CALENDAR,423,-2.2755304429615104,-3.2755304429615104,-4.9582949190754855,0.08420296909134016,REPLICATION
H164,WDO,z1.0_stress,60,False,EDGE|STRESS|SIDES|CALENDAR,423,-1.1406410503222366,-2.140641050322237,2.0159453556816116,0.10629065892434125,REPLICATION
H164,WDO,z1.0_stress,120,False,EDGE|STRESS|SIDES|CALENDAR,423,-0.7244695570384898,-1.72446955703849,1.958294919075486,0.08955997480169865,REPLICATION
H164,WDO,z1.5_inverse,60,False,EDGE|STRESS|DELAY|SIDES|CALENDAR,292,-1.0866614205736,-2.0866614205736003,-5.2133374125632646,0.10998608932274538,REPLICATION
H164,WDO,z1.5_inverse,120,False,EDGE|STRESS|DELAY|SIDES|CALENDAR,292,-2.904741632773144,-3.904741632773144,-5.125180979614906,0.11398743079089885,REPLICATION
H164,WDO,z1.5_stress,60,False,EDGE|STRESS|SIDES|CALENDAR,292,-1.9133385794264,-2.9133385794264006,2.213337412563265,0.13813838140787152,REPLICATION
H164,WDO,z1.5_stress,120,False,EDGE|STRESS|SIDES|CALENDAR,292,-0.095258367226856,-1.095258367226856,2.125180979614906,0.12277577592218623,REPLICATION
H164,WIN,z1.0_inverse,60,False,DELAY|CALENDAR,423,1.5111433076761676,0.5111433076761677,-4.127937090760814,0.0905671197084176,REPLICATION
H164,WIN,z1.0_inverse,120,False,DELAY|SIDES|CALENDAR,423,2.16410445657984,1.1641044565798402,-2.1109120179978773,0.08727660715412533,REPLICATION
H164,WIN,z1.0_riskoff,60,False,EDGE|STRESS|SIDES|CALENDAR,423,-5.511143307676167,-6.511143307676168,0.12793709076081422,0.11235909392809801,REPLICATION
H164,WIN,z1.0_riskoff,120,False,EDGE|STRESS|DELAY|SIDES|CALENDAR,423,-6.164104456579839,-7.16410445657984,-1.8890879820021242,0.08246068387513462,REPLICATION
H164,WIN,z1.5_inverse,60,False,DELAY|CALENDAR,292,2.068224713287234,1.0682247132872338,-4.128816437701437,0.11489326793296317,REPLICATION
H164,WIN,z1.5_inverse,120,False,DELAY|SIDES|CALENDAR,292,2.0277589817113197,1.0277589817113195,-3.0021386710895244,0.11248860517642928,REPLICATION
H164,WIN,z1.5_riskoff,60,False,EDGE|STRESS|SIDES|CALENDAR,292,-6.068224713287233,-7.068224713287233,0.12881643770143775,0.13718502035292768,REPLICATION
H164,WIN,z1.5_riskoff,120,False,EDGE|STRESS|DELAY|SIDES|CALENDAR,292,-6.027758981711321,-7.027758981711321,-0.9978613289104764,0.11402322351663984,REPLICATION
H165,WDO,z1.0_inverse,60,False,EDGE|STRESS|DELAY|SIDES|CALENDAR,195,-1.119519146714183,-2.119519146714183,-2.3535269577057707,0.16806231586853085,DISCOVERY
H165,WDO,z1.0_inverse,120,False,EDGE|STRESS|DELAY|SIDES|CALENDAR,195,-2.4468378082064794,-3.44683780820648,-3.4743813752984702,0.1995788296181765,DISCOVERY
H165,WDO,z1.0_stress,60,False,EDGE|STRESS|DELAY|SIDES|CALENDAR,195,-1.880480853285817,-2.8804808532858166,-0.6464730422942286,0.17324207981478343,DISCOVERY
H165,WDO,z1.0_stress,120,False,EDGE|STRESS|SIDES|CALENDAR,195,-0.5531621917935207,-1.5531621917935206,0.4743813752984702,0.18402380245625405,DISCOVERY
H165,WDO,z1.5_inverse,60,False,EDGE|STRESS|DELAY|SIDES|CALENDAR,146,-1.1002497622301322,-2.1002497622301326,-2.7468130421798884,0.20711282730538366,DISCOVERY
H165,WDO,z1.5_inverse,120,False,EDGE|STRESS|DELAY|SIDES|CALENDAR,146,-1.5698780449908094,-2.569878044990809,-2.508134335487025,0.2234899777927863,DISCOVERY
H165,WDO,z1.5_stress,60,False,EDGE|STRESS|DELAY|SIDES|CALENDAR,146,-1.8997502377698678,-2.8997502377698683,-0.2531869578201118,0.21331754692289284,DISCOVERY
H165,WDO,z1.5_stress,120,False,EDGE|STRESS|DELAY|SIDES|CALENDAR,146,-1.4301219550091913,-2.430121955009191,-0.49186566451297475,0.23635861007036169,DISCOVERY
H165,WIN,z1.0_inverse,60,False,DELAY|SIDES|CALENDAR,195,2.690399720313051,1.6903997203130512,-3.686149051138955,0.12564132914931955,DISCOVERY
H165,WIN,z1.0_inverse,120,False,EDGE|STRESS|DELAY|SIDES|CALENDAR,195,-0.10826871130757587,-1.108268711307577,-5.712687663207038,0.1483276030076275,DISCOVERY
H165,WIN,z1.0_riskoff,60,False,EDGE|STRESS|DELAY|SIDES|CALENDAR,195,-6.690399720313052,-7.690399720313052,-0.31385094886104464,0.1828247927784694,DISCOVERY
H165,WIN,z1.0_riskoff,120,False,EDGE|STRESS|SIDES|CALENDAR,195,-3.8917312886924242,-4.891731288692424,1.7126876632070376,0.1678565386056577,DISCOVERY
H165,WIN,z1.5_inverse,60,False,DELAY,146,4.367127260535039,3.367127260535039,-2.556937252845582,0.14624201290017938,DISCOVERY
H165,WIN,z1.5_inverse,120,False,DELAY|SIDES|CALENDAR,146,2.8217697810289177,1.8217697810289173,-3.1932129101966535,0.17722923622474696,DISCOVERY
H165,WIN,z1.5_riskoff,60,False,EDGE|STRESS|DELAY|SIDES|CALENDAR,146,-8.36712726053504,-9.36712726053504,-1.4430627471544177,0.24649604008882625,DISCOVERY
H165,WIN,z1.5_riskoff,120,False,EDGE|STRESS|DELAY|SIDES|CALENDAR,146,-6.821769781028918,-7.821769781028918,-0.8067870898033469,0.22200215810214638,DISCOVERY
H165,WDO,z1.0_inverse,60,False,DELAY|SIDES|CALENDAR,290,1.8071778306680173,0.8071778306680172,-1.5392014412019872,0.12673256844690844,REPLICATION
H165,WDO,z1.0_inverse,120,False,STRESS|SIDES|CALENDAR,290,0.4391994422560985,-0.5608005577439018,0.4018924421978425,0.11556752463507793,REPLICATION
H165,WDO,z1.0_stress,60,False,EDGE|STRESS|DELAY|SIDES|CALENDAR,290,-4.807177830668018,-5.807177830668018,-1.4607985587980126,0.11172792071177337,REPLICATION
H165,WDO,z1.0_stress,120,False,EDGE|STRESS|DELAY|SIDES|CALENDAR,290,-3.4391994422560987,-4.439199442256098,-3.401892442197842,0.1057105933900233,REPLICATION
H165,WDO,z1.5_inverse,60,False,SIDES|CALENDAR,179,4.553216030783706,3.5532160307837066,3.628218290774032,0.18591987666196688,REPLICATION
H165,WDO,z1.5_inverse,120,False,CALENDAR,179,5.36103085305346,4.361030853053462,6.85380252138154,0.16175892317609877,REPLICATION
H165,WDO,z1.5_stress,60,False,EDGE|STRESS|DELAY|SIDES|CALENDAR,179,-7.553216030783708,-8.553216030783707,-6.628218290774034,0.19127544241677166,REPLICATION
H165,WDO,z1.5_stress,120,False,EDGE|STRESS|DELAY|SIDES|CALENDAR,179,-8.36103085305346,-9.361030853053462,-9.853802521381539,0.17293742409473972,REPLICATION
H165,WIN,z1.0_inverse,60,False,EDGE|STRESS|DELAY|SIDES|CALENDAR,290,-1.5492752307134017,-2.5492752307134015,-3.997099000386513,0.14217874774129888,REPLICATION
H165,WIN,z1.0_inverse,120,False,EDGE|STRESS|DELAY|SIDES|CALENDAR,290,-7.408261659781661,-8.408261659781662,-9.227791891149293,0.11470603452642511,REPLICATION
H165,WIN,z1.0_riskoff,60,False,EDGE|STRESS|DELAY|SIDES|CALENDAR,290,-2.450724769286598,-3.450724769286598,-0.0029009996134877368,0.13086129484911396,REPLICATION
H165,WIN,z1.0_riskoff,120,False,CALENDAR,290,3.40826165978166,2.4082616597816604,5.227791891149293,0.10427464375888709,REPLICATION
H165,WIN,z1.5_inverse,60,False,EDGE|STRESS|DELAY|SIDES|CALENDAR,179,-0.9040348855320652,-1.9040348855320655,-2.608156843011625,0.21218470088310906,REPLICATION
H165,WIN,z1.5_inverse,120,False,EDGE|STRESS|DELAY|SIDES|CALENDAR,179,-5.639063014783223,-6.639063014783223,-6.099364782596577,0.1726840766872849,REPLICATION
H165,WIN,z1.5_riskoff,60,False,EDGE|STRESS|DELAY|SIDES|CALENDAR,179,-3.0959651144679348,-4.095965114467935,-1.3918431569883751,0.2098528732802426,REPLICATION
H165,WIN,z1.5_riskoff,120,False,SIDES|CALENDAR,179,1.639063014783223,0.6390630147832218,2.0993647825965778,0.1577173261302526,REPLICATION
H166,WDO,z1.0_inverse,60,False,MIN_TRADES|EDGE|STRESS|DELAY|SIDES|CALENDAR|CONCENTRATION,26,-5.434870502138802,-6.434870502138802,-5.466215566220378,0.7608633363530724,DISCOVERY
H166,WDO,z1.0_inverse,120,False,MIN_TRADES|EDGE|STRESS|DELAY|SIDES|CALENDAR|CONCENTRATION,26,-2.69490372459947,-3.69490372459947,-5.193967488202924,0.8255639738002103,DISCOVERY
H166,WDO,z1.0_stress,60,False,MIN_TRADES|DELAY|SIDES|CALENDAR|CONCENTRATION,26,2.4348705021388017,1.4348705021388015,2.4662155662203777,0.6995496739812992,DISCOVERY
H166,WDO,z1.0_stress,120,False,MIN_TRADES|EDGE|STRESS|DELAY|SIDES|CALENDAR|CONCENTRATION,26,-0.30509627540053036,-1.3050962754005302,2.193967488202924,0.7259420553721623,DISCOVERY
H166,WDO,z1.5_inverse,60,False,MIN_TRADES|EDGE|STRESS|DELAY|SIDES|CALENDAR|CONCENTRATION,24,-5.295997304505369,-6.295997304505369,-4.407176217719493,0.8288156076904204,DISCOVERY
H166,WDO,z1.5_inverse,120,False,MIN_TRADES|EDGE|STRESS|DELAY|SIDES|CALENDAR|CONCENTRATION,24,-3.5613709409316336,-4.561370940931632,-5.617222600881301,0.8632481294520492,DISCOVERY
H166,WDO,z1.5_stress,60,False,MIN_TRADES|DELAY|SIDES|CALENDAR|CONCENTRATION,24,2.2959973045053688,1.295997304505369,1.4071762177194909,0.7258685856324695,DISCOVERY
H166,WDO,z1.5_stress,120,False,MIN_TRADES|STRESS|DELAY|SIDES|CALENDAR|CONCENTRATION,24,0.5613709409316338,-0.4386290590683662,2.6172226008813007,0.7605289871938433,DISCOVERY
H166,WIN,z1.0_inverse,60,False,MIN_TRADES|STRESS|DELAY|SIDES|CALENDAR|CONCENTRATION,26,0.3437012825735437,-0.6562987174264563,-2.1657988781991544,0.6144853984193719,DISCOVERY
H166,WIN,z1.0_inverse,120,False,MIN_TRADES|STRESS|DELAY|SIDES|CALENDAR|CONCENTRATION,26,0.7066283632979017,-0.2933716367020983,-6.3291660050942955,0.6763250060560139,DISCOVERY
H166,WIN,z1.0_riskoff,60,False,MIN_TRADES|EDGE|STRESS|DELAY|SIDES|CALENDAR|CONCENTRATION,26,-4.3437012825735435,-5.343701282573543,-1.834201121800846,0.7532560000400629,DISCOVERY
H166,WIN,z1.0_riskoff,120,False,MIN_TRADES|EDGE|STRESS|DELAY|SIDES|CALENDAR|CONCENTRATION,26,-4.706628363297901,-5.706628363297901,2.3291660050942946,0.6291650677418473,DISCOVERY
H166,WIN,z1.5_inverse,60,False,MIN_TRADES|DELAY|SIDES|CALENDAR|CONCENTRATION,24,1.3164260289220604,0.31642602892206045,0.5342879938993382,0.6615483296533808,DISCOVERY
H166,WIN,z1.5_inverse,120,False,MIN_TRADES|DELAY|SIDES|CALENDAR|CONCENTRATION,24,2.121314725760808,1.1213147257608078,-4.242127725894381,0.7081726731738255,DISCOVERY
H166,WIN,z1.5_riskoff,60,False,MIN_TRADES|EDGE|STRESS|DELAY|SIDES|CALENDAR|CONCENTRATION,24,-5.316426028922061,-6.316426028922062,-4.53428799389934,0.7751300924426766,DISCOVERY
H166,WIN,z1.5_riskoff,120,False,MIN_TRADES|EDGE|STRESS|DELAY|SIDES|CALENDAR|CONCENTRATION,24,-6.121314725760808,-7.121314725760808,0.24212772589437867,0.6984659312489534,DISCOVERY
H166,WDO,z1.0_inverse,60,False,EDGE|STRESS|SIDES|CALENDAR,158,-0.5429907956925337,-1.5429907956925337,0.5468391287486025,0.16790921580724183,REPLICATION
H166,WDO,z1.0_inverse,120,False,SIDES|CALENDAR,158,2.7311387308515793,1.7311387308515795,2.6134019261606345,0.13030000956374038,REPLICATION
H166,WDO,z1.0_stress,60,False,EDGE|STRESS|DELAY|SIDES|CALENDAR,158,-2.4570092043074663,-3.4570092043074663,-3.5468391287486027,0.2036152022456462,REPLICATION
H166,WDO,z1.0_stress,120,False,EDGE|STRESS|DELAY|SIDES|CALENDAR,158,-5.73113873085158,-6.73113873085158,-5.613401926160636,0.21349631706617614,REPLICATION
H166,WDO,z1.5_inverse,60,False,EDGE|STRESS|DELAY|SIDES|CALENDAR,115,-4.2202508553595255,-5.220250855359527,-3.73903148941956,0.22041224829999187,REPLICATION
H166,WDO,z1.5_inverse,120,False,SIDES|CALENDAR,115,1.1471135659290261,0.14711356592902627,1.8910388848396853,0.17410539169063124,REPLICATION
H166,WDO,z1.5_stress,60,False,SIDES|CALENDAR,115,1.220250855359526,0.22025085535952585,0.7390314894195601,0.2587868415703198,REPLICATION
H166,WDO,z1.5_stress,120,False,EDGE|STRESS|DELAY|SIDES|CALENDAR,115,-4.147113565929026,-5.1471135659290255,-4.891038884839685,0.2678217514152084,REPLICATION
H166,WIN,z1.0_inverse,60,False,EDGE|STRESS|DELAY|SIDES|CALENDAR,158,-1.976682821102557,-2.976682821102557,-6.344138605256252,0.19381279620301006,REPLICATION
H166,WIN,z1.0_inverse,120,False,EDGE|STRESS|DELAY|SIDES|CALENDAR,158,-0.005319932302898629,-1.0053199323028987,-2.1201831757436103,0.1659570205530526,REPLICATION
H166,WIN,z1.0_riskoff,60,False,EDGE|STRESS|SIDES|CALENDAR,158,-2.023317178897444,-3.023317178897444,2.344138605256253,0.1847268077686427,REPLICATION
H166,WIN,z1.0_riskoff,120,False,EDGE|STRESS|DELAY|SIDES|CALENDAR,158,-3.9946800676971015,-4.9946800676971,-1.8798168242563902,0.1769853896257892,REPLICATION
H166,WIN,z1.5_inverse,60,False,EDGE|STRESS|DELAY|SIDES|CALENDAR,115,-0.6562021579198811,-1.6562021579198811,-8.3840662780452,0.24406957402333482,REPLICATION
H166,WIN,z1.5_inverse,120,False,DELAY|SIDES|CALENDAR,115,3.164322643558743,2.164322643558743,-1.4727848131941257,0.2079902931970307,REPLICATION
H166,WIN,z1.5_riskoff,60,False,EDGE|STRESS|SIDES|CALENDAR,115,-3.343797842080118,-4.343797842080118,4.3840662780452,0.2507666132816423,REPLICATION
H166,WIN,z1.5_riskoff,120,False,EDGE|STRESS|DELAY|SIDES|CALENDAR,115,-7.1643226435587435,-8.164322643558743,-2.527215186805874,0.22494976841672612,REPLICATION
H167,WDO,z1.0_inverse,60,False,EDGE|STRESS|DELAY|SIDES|CALENDAR,186,-5.749275237503773,-6.749275237503773,-5.470298267838718,0.23011019216566345,DISCOVERY
H167,WDO,z1.0_inverse,120,False,EDGE|STRESS|DELAY|SIDES|CALENDAR,186,-5.3242497086527125,-6.324249708652712,-6.637337269640846,0.2017885640862151,DISCOVERY
H167,WDO,z1.0_stress,60,False,SIDES,186,2.7492752375037726,1.7492752375037735,2.470298267838717,0.15820785861920822,DISCOVERY
H167,WDO,z1.0_stress,120,False,SIDES|CALENDAR,186,2.324249708652712,1.324249708652712,3.637337269640846,0.18284436730590928,DISCOVERY
H167,WDO,z1.5_inverse,60,False,EDGE|STRESS|DELAY|SIDES|CALENDAR,115,-3.2220265918493136,-4.222026591849313,-4.715419337567748,0.323948614093629,DISCOVERY
H167,WDO,z1.5_inverse,120,False,EDGE|STRESS|DELAY|SIDES|CALENDAR,115,-3.7897830132573107,-4.789783013257312,-6.2935197270450525,0.2763322031015253,DISCOVERY
H167,WDO,z1.5_stress,60,False,EDGE|STRESS|SIDES|CALENDAR,115,0.22202659184931356,-0.7779734081506868,1.7154193375677476,0.21397715493330144,DISCOVERY
H167,WDO,z1.5_stress,120,False,STRESS|SIDES|CALENDAR,115,0.7897830132573095,-0.21021698674269065,3.2935197270450516,0.2765899571324168,DISCOVERY
H167,WIN,z1.0_inverse,60,False,EDGE|STRESS|DELAY|SIDES|CALENDAR,186,-7.54289817695321,-8.542898176953212,-5.542416908825645,0.20231769231599983,DISCOVERY
H167,WIN,z1.0_inverse,120,False,EDGE|STRESS|DELAY|SIDES|CALENDAR,186,-12.516473223508054,-13.516473223508054,-11.439800453103455,0.19254779634997002,DISCOVERY
H167,WIN,z1.0_riskoff,60,True,,186,3.5428981769532117,2.5428981769532117,1.5424169088256452,0.13752525482302216,DISCOVERY
H167,WIN,z1.0_riskoff,120,False,CALENDAR,186,8.516473223508052,7.516473223508051,7.439800453103459,0.14039899061701727,DISCOVERY
H167,WIN,z1.5_inverse,60,False,EDGE|STRESS|DELAY|SIDES|CALENDAR,115,-6.916746207097838,-7.916746207097838,-6.143215735429769,0.2936306615808761,DISCOVERY
H167,WIN,z1.5_inverse,120,False,EDGE|STRESS|DELAY|SIDES|CALENDAR,115,-13.576067787922831,-14.576067787922831,-14.119135278344624,0.26824416028745074,DISCOVERY
H167,WIN,z1.5_riskoff,60,False,CALENDAR,115,2.916746207097839,1.9167462070978392,2.1432157354297696,0.19458973060332016,DISCOVERY
H167,WIN,z1.5_riskoff,120,False,CALENDAR,115,9.576067787922833,8.576067787922833,10.119135278344626,0.1980145484231105,DISCOVERY
H167,WDO,z1.0_inverse,60,False,SIDES|CALENDAR,354,2.217526331458974,1.2175263314589744,3.3134958896736895,0.11440566926524726,REPLICATION
H167,WDO,z1.0_inverse,120,False,SIDES|CALENDAR,354,1.880277560001514,0.880277560001514,2.5971001282633286,0.09588240014600295,REPLICATION
H167,WDO,z1.0_stress,60,False,EDGE|STRESS|DELAY|SIDES|CALENDAR,354,-5.217526331458974,-6.217526331458974,-6.313495889673689,0.09729863255008328,REPLICATION
H167,WDO,z1.0_stress,120,False,EDGE|STRESS|DELAY|SIDES|CALENDAR,354,-4.880277560001514,-5.880277560001514,-5.597100128263329,0.10514885513183089,REPLICATION
H167,WDO,z1.5_inverse,60,False,CALENDAR,230,3.753555695549667,2.753555695549668,3.930287137149706,0.1423546423217045,REPLICATION
H167,WDO,z1.5_inverse,120,False,SIDES|CALENDAR,230,4.055054913600196,3.055054913600196,3.6325260212540624,0.1243162899036088,REPLICATION
H167,WDO,z1.5_stress,60,False,EDGE|STRESS|DELAY|SIDES|CALENDAR,230,-6.753555695549667,-7.753555695549668,-6.930287137149707,0.14955986256089285,REPLICATION
H167,WDO,z1.5_stress,120,False,EDGE|STRESS|DELAY|SIDES|CALENDAR,230,-7.055054913600195,-8.055054913600195,-6.632526021254062,0.15976968242869757,REPLICATION
H167,WIN,z1.0_inverse,60,False,EDGE|STRESS|DELAY|SIDES|CALENDAR,354,-2.975470735918699,-3.975470735918699,-0.15331643496372796,0.1217937796962066,REPLICATION
H167,WIN,z1.0_inverse,120,False,EDGE|STRESS|SIDES|CALENDAR,354,-4.028195359940963,-5.0281953599409634,0.15895522135484128,0.096028737182691,REPLICATION
H167,WIN,z1.0_riskoff,60,False,EDGE|STRESS|DELAY|SIDES|CALENDAR,354,-1.0245292640813006,-2.0245292640813,-3.846683565036272,0.10189334110751469,REPLICATION
H167,WIN,z1.0_riskoff,120,False,EDGE|STRESS|DELAY|SIDES|CALENDAR,354,0.028195359940963304,-0.9718046400590372,-4.158955221354841,0.09913490925614622,REPLICATION
H167,WIN,z1.5_inverse,60,False,EDGE|STRESS|SIDES|CALENDAR,230,-3.4038405608687436,-4.403840560868744,2.4689876679862404,0.16533646208101738,REPLICATION
H167,WIN,z1.5_inverse,120,False,EDGE|STRESS|SIDES|CALENDAR,230,-0.08772193846334903,-1.087721938463349,6.631396200167546,0.1302906508171547,REPLICATION
H167,WIN,z1.5_riskoff,60,False,EDGE|STRESS|DELAY|SIDES|CALENDAR,230,-0.5961594391312561,-1.5961594391312557,-6.468987667986241,0.1406964676746505,REPLICATION
H167,WIN,z1.5_riskoff,120,False,EDGE|STRESS|DELAY|SIDES|CALENDAR,230,-3.9122780615366524,-4.912278061536653,-10.631396200167547,0.15056193327267717,REPLICATION
