signal_date,symbol,evidence_class,snapshot_effective_date,retrieved_at_utc,universe_source_ref,universe_snapshot_sha256,mom7,mom14,mom30,mom60,mom90,residmom7,residmom14,residmom30,residmom60,residmom90,vol14,vol30,vol60,corr30,corr60,beta30,beta60,logvol30,feature_ok
2026-10-08,0GUSDT,CURRENT_PROSPECTIVE_PIT,2026-10-08,2026-10-08 00:57:07.035967+00:00,https://pro-api.coinmarketcap.com/public-api/v1/cryptocurrency/map?listing_status=active&limit=150&sort=cmc_rank&aux=status,f5b775946e846169b14b0596eb3e018779555c7fec857fca4c19b98290fb3754,-0.0358592692828145,0.1111111111111109,0.4214463840399001,0.9256756756756755,0.446700507614213,-0.0056898003366718,0.1410860526193973,0.3473314465145315,0.5441476445793223,0.1384526389910967,1.0583879190377024,0.9371817989772576,1.2013680134926925,0.3398984321260976,0.317812779769373,0.8218692566450446,0.887931079159459,14.567148246283985,True
2026-10-08,AAVEUSDT,CURRENT_PROSPECTIVE_PIT,2026-10-08,2026-10-08 00:57:07.035967+00:00,https://pro-api.coinmarketcap.com/public-api/v1/cryptocurrency/map?listing_status=active&limit=150&sort=cmc_rank&aux=status,f5b775946e846169b14b0596eb3e018779555c7fec857fca4c19b98290fb3754,-0.0307396173588427,0.1309467093173619,0.2900395931992856,0.8330943188086042,0.7349133430778867,0.0212869095935392,0.1825435479846463,0.1976289238631902,0.3562568014432395,0.266623406360236,0.8512051427621596,0.8368354822164664,0.9287463624377242,0.6058389123925529,0.6594823696856651,1.3080579322644137,1.424400611253431,16.813888945857443,True
2026-10-08,ADAUSDT,CURRENT_PROSPECTIVE_PIT,2026-10-08,2026-10-08 00:57:07.035967+00:00,https://pro-api.coinmarketcap.com/public-api/v1/cryptocurrency/map?listing_status=active&limit=150&sort=cmc_rank&aux=status,f5b775946e846169b14b0596eb3e018779555c7fec857fca4c19b98290fb3754,-0.0576298701298702,-0.0625756964069439,0.0578587699316628,0.1938303341902312,0.3929214157168565,-0.0031465235879621,-0.0167791941778544,-0.0091997815100628,-0.1318879484987186,-0.0066923982087706,0.7530074066788658,0.8096555450371282,0.8071519143275852,0.78512668236857,0.8182458418384737,1.6400978525675514,1.5359282341973488,17.559107358132657,True
2026-10-08,ALGOUSDT,CURRENT_PROSPECTIVE_PIT,2026-10-08,2026-10-08 00:57:07.035967+00:00,https://pro-api.coinmarketcap.com/public-api/v1/cryptocurrency/map?listing_status=active&limit=150&sort=cmc_rank&aux=status,f5b775946e846169b14b0596eb3e018779555c7fec857fca4c19b98290fb3754,-0.0424143556280587,0.0371024734982332,0.1646825396825397,0.4213075060532687,0.3714953271028038,-0.0065029155902338,0.07081036478125,0.1058159670351028,0.1624332020538623,0.1119181464021953,0.9335701039356884,0.9403768905044176,0.8054827632059938,0.4499954083636741,0.5181122523434165,1.0917916253384607,0.9705366712614244,15.170390356669,True
2026-10-08,APTUSDT,CURRENT_PROSPECTIVE_PIT,2026-10-08,2026-10-08 00:57:07.035967+00:00,https://pro-api.coinmarketcap.com/public-api/v1/cryptocurrency/map?listing_status=active&limit=150&sort=cmc_rank&aux=status,f5b775946e846169b14b0596eb3e018779555c7fec857fca4c19b98290fb3754,-0.0508889461478999,-0.0898196194712132,0.1368827160493826,0.2486440677966102,0.1712241653418125,-0.0026737821765462,-0.0510125097353901,0.0811345215379694,-0.0317853909795278,-0.103658828282714,0.7847739873858197,1.1388187609734075,0.9748884986749584,0.6281063674648374,0.6014861287465701,1.845514822535592,1.363679773053062,16.269087569340172,True
2026-10-08,ARBUSDT,CURRENT_PROSPECTIVE_PIT,2026-10-08,2026-10-08 00:57:07.035967+00:00,https://pro-api.coinmarketcap.com/public-api/v1/cryptocurrency/map?listing_status=active&limit=150&sort=cmc_rank&aux=status,f5b775946e846169b14b0596eb3e018779555c7fec857fca4c19b98290fb3754,-0.1360680340170085,-0.2026777469990766,0.0466666666666666,1.2197943444730075,0.8569892473118279,-0.0830162806939026,-0.1621308188903671,-0.0172935640545398,0.6567325557421849,0.364602640822446,0.8563572792098313,1.345228912008462,1.5612713822215896,0.4687281482250876,0.4550962295917957,1.626847917910214,1.6523934792792667,17.086438475478765,True
2026-10-08,ARUSDT,CURRENT_PROSPECTIVE_PIT,2026-10-08,2026-10-08 00:57:07.035967+00:00,https://pro-api.coinmarketcap.com/public-api/v1/cryptocurrency/map?listing_status=active&limit=150&sort=cmc_rank&aux=status,f5b775946e846169b14b0596eb3e018779555c7fec857fca4c19b98290fb3754,-0.0825773435682717,-0.124722592099423,0.3824044865054328,1.210762331838565,0.9700299700299702,-0.023129645942558,-0.0775234004497771,0.2688472482558132,0.7100657248601202,0.5003560459597053,0.8238290439145073,1.581165556128456,1.3093438259088015,0.5759648477819458,0.5707573942887394,2.3496493329212425,1.7379492364087892,15.251501740236147,True
2026-10-08,ASTERUSDT,CURRENT_PROSPECTIVE_PIT,2026-10-08,2026-10-08 00:57:07.035967+00:00,https://pro-api.coinmarketcap.com/public-api/v1/cryptocurrency/map?listing_status=active&limit=150&sort=cmc_rank&aux=status,f5b775946e846169b14b0596eb3e018779555c7fec857fca4c19b98290fb3754,-0.0547834300364322,-0.0115704811626922,-0.0672436750998668,0.1427406199021208,0.1119047619047619,-0.0317013817688628,0.0087321966950323,-0.0994345695387399,0.0169863620573424,-0.016924207258078,0.4983846853360402,0.5452941818826923,0.5796983177409062,0.4162825032516715,0.4956939525778036,0.5856642973000274,0.6682631237204404,16.385626834802903,True
2026-10-08,ATOMUSDT,CURRENT_PROSPECTIVE_PIT,2026-10-08,2026-10-08 00:57:07.035967+00:00,https://pro-api.coinmarketcap.com/public-api/v1/cryptocurrency/map?listing_status=active&limit=150&sort=cmc_rank&aux=status,f5b775946e846169b14b0596eb3e018779555c7fec857fca4c19b98290fb3754,0.0316159250585479,-0.0128851540616246,-0.052178590640129,0.2814545454545454,0.1095717884130982,0.0596886276091114,0.0099192941464874,-0.0852981490144596,0.0739792940901065,-0.0871129409438263,0.6563700599074704,0.7638482885900756,0.7438051818862893,0.4997953785132621,0.4054182742499024,0.9849837695991894,0.70128468725677,15.1093942212555,True
2026-10-08,AVAXUSDT,CURRENT_PROSPECTIVE_PIT,2026-10-08,2026-10-08 00:57:07.035967+00:00,https://pro-api.coinmarketcap.com/public-api/v1/cryptocurrency/map?listing_status=active&limit=150&sort=cmc_rank&aux=status,f5b775946e846169b14b0596eb3e018779555c7fec857fca4c19b98290fb3754,-0.0831665150136486,-0.0128343293817968,0.2582417582417584,0.5692259772621087,0.4951773260127616,-0.0503864044614085,0.0167338580972798,0.1882796747485748,0.2442710329063231,0.1711041023713574,0.8388287356198265,1.132924134320189,0.8886355119491114,0.3803793449356684,0.4957366628678121,1.1118532839245223,1.0244872063644876,17.705582231455484,True
2026-10-08,AXSUSDT,CURRENT_PROSPECTIVE_PIT,2026-10-08,2026-10-08 00:57:07.035967+00:00,https://pro-api.coinmarketcap.com/public-api/v1/cryptocurrency/map?listing_status=active&limit=150&sort=cmc_rank&aux=status,f5b775946e846169b14b0596eb3e018779555c7fec857fca4c19b98290fb3754,0.0069625761531766,0.0752788104089219,0.21151832460733,0.2884187082405345,0.1512437810945275,0.0546790656442911,0.1185503563849627,0.1619245285348044,0.0616125099140018,-0.0668282860187388,1.130533396363915,0.9581820344982432,0.8347666745166871,0.5842193962287211,0.626916806434969,1.4442877367632014,1.217045601840818,14.489223991126634,True
2026-10-08,BCHUSDT,CURRENT_PROSPECTIVE_PIT,2026-10-08,2026-10-08 00:57:07.035967+00:00,https://pro-api.coinmarketcap.com/public-api/v1/cryptocurrency/map?listing_status=active&limit=150&sort=cmc_rank&aux=status,f5b775946e846169b14b0596eb3e018779555c7fec857fca4c19b98290fb3754,-0.1235046880051728,-0.2000590144585422,0.0495547812620984,0.2621042830540037,0.1056280587275695,-0.0735569202192303,-0.1619210547694886,-0.0320360432854538,-0.0206024938773246,-0.154652534234193,0.648159853308253,1.205066703266507,1.1145616701998216,0.4343842010972927,0.5943737158415969,1.3505629651905078,1.5406200136722954,16.419194828500448,True
2026-10-08,BNBUSDT,CURRENT_PROSPECTIVE_PIT,2026-10-08,2026-10-08 00:57:07.035967+00:00,https://pro-api.coinmarketcap.com/public-api/v1/cryptocurrency/map?listing_status=active&limit=150&sort=cmc_rank&aux=status,f5b775946e846169b14b0596eb3e018779555c7fec857fca4c19b98290fb3754,-0.0462196307094265,-0.0522859828245503,-0.0211962447807237,0.2222572771200373,0.2791825243730776,-0.0232654943615949,-0.0329421205560224,-0.047340472271739,0.0587872911107393,0.0992025411167693,0.3273540397318311,0.3726760219523949,0.4042132513686747,0.6910394285094961,0.701879319555035,0.6644526028396974,0.6597886329237329,18.396883922419462,True
2026-10-08,BONKUSDT,CURRENT_PROSPECTIVE_PIT,2026-10-08,2026-10-08 00:57:07.035967+00:00,https://pro-api.coinmarketcap.com/public-api/v1/cryptocurrency/map?listing_status=active&limit=150&sort=cmc_rank&aux=status,f5b775946e846169b14b0596eb3e018779555c7fec857fca4c19b98290fb3754,-0.1329787234042553,-0.1398416886543535,0.0723684210526316,0.3360655737704918,-0.2182254196642685,-0.0781979195601094,-0.0938494056176161,0.0070502321277413,0.0030092734002692,-0.426596542058029,0.7928387089939,0.9960480434851025,0.9871577516239805,0.7435864909295218,0.7199394339772668,1.910915601891613,1.6527773714712797,15.14516308876966,True
2026-10-08,BTCUSDT,CURRENT_PROSPECTIVE_PIT,2026-10-08,2026-10-08 00:57:07.035967+00:00,https://pro-api.coinmarketcap.com/public-api/v1/cryptocurrency/map?listing_status=active&limit=150&sort=cmc_rank&aux=status,f5b775946e846169b14b0596eb3e018779555c7fec857fca4c19b98290fb3754,-0.036823729486493,-0.0314628888627731,0.0420446926804645,0.2596679064411211,0.2741935534147151,-8.673617379884035e-18,-3.4152368433293394e-18,1.8648277366750682e-17,5.589062199162774e-17,5.914322850908427e-17,0.2318808277808098,0.3875879545486659,0.4299997115266588,1.0000000000000004,0.9999999999999996,1.0000000000000004,0.9999999999999996,20.98423319716428,True
2026-10-08,CAKEUSDT,CURRENT_PROSPECTIVE_PIT,2026-10-08,2026-10-08 00:57:07.035967+00:00,https://pro-api.coinmarketcap.com/public-api/v1/cryptocurrency/map?listing_status=active&limit=150&sort=cmc_rank&aux=status,f5b775946e846169b14b0596eb3e018779555c7fec857fca4c19b98290fb3754,-0.1614035087719298,-0.2161078717201168,-0.0503311258278147,0.4906444906444904,0.5375268048606145,-0.1369494408196384,-0.1969554526146243,-0.0977880414484844,0.281317960501039,0.3132368141640314,0.6172343528259492,0.7495621371619713,0.7441908969003884,0.3301800920245341,0.4747425484478173,0.6385402139610896,0.8216263254498805,15.7354846857552,True
2026-10-08,CFXUSDT,CURRENT_PROSPECTIVE_PIT,2026-10-08,2026-10-08 00:57:07.035967+00:00,https://pro-api.coinmarketcap.com/public-api/v1/cryptocurrency/map?listing_status=active&limit=150&sort=cmc_rank&aux=status,f5b775946e846169b14b0596eb3e018779555c7fec857fca4c19b98290fb3754,-0.0695635956732563,-0.0750834260289211,0.0111471422780704,0.2062379110251448,0.1605024424284715,-0.0364776350078756,-0.0477733178429771,-0.030032543731406,0.0020474890315861,-0.0430369302635974,0.5162898627784611,0.6296442016049386,0.6339847603867893,0.6228045126086987,0.6494260687470479,1.0117580938605222,0.9575035041808528,13.94483483582994,True
2026-10-08,COMPUSDT,CURRENT_PROSPECTIVE_PIT,2026-10-08,2026-10-08 00:57:07.035967+00:00,https://pro-api.coinmarketcap.com/public-api/v1/cryptocurrency/map?listing_status=active&limit=150&sort=cmc_rank&aux=status,f5b775946e846169b14b0596eb3e018779555c7fec857fca4c19b98290fb3754,-0.028439983270598,-0.0316798666110879,0.1141486810551557,0.4036253776435046,0.3786350148367952,0.0037865662053951,-0.0048368675520861,0.0660646502274737,0.0982775820406081,0.0620427539639626,0.5649727457423818,0.7074675652099823,0.6895808869869045,0.4536449275993719,0.5478105680945097,0.8280419157306113,0.8785115136617757,13.828235692738264,True
2026-10-08,CRVUSDT,CURRENT_PROSPECTIVE_PIT,2026-10-08,2026-10-08 00:57:07.035967+00:00,https://pro-api.coinmarketcap.com/public-api/v1/cryptocurrency/map?listing_status=active&limit=150&sort=cmc_rank&aux=status,f5b775946e846169b14b0596eb3e018779555c7fec857fca4c19b98290fb3754,-0.102618920363442,-0.0291991905174906,-0.0749311294765839,0.4162800506115562,0.6324744773942634,-0.0630700027874223,0.0073253534536915,-0.1329996046259076,0.1481856716494161,0.3022525578938663,0.9498188582153736,0.9021346848847168,1.0617516857509155,0.397845876430033,0.4868441373848394,0.92601062585609,1.2021114659149177,15.22686868597606,True
2026-10-08,CVXUSDT,CURRENT_PROSPECTIVE_PIT,2026-10-08,2026-10-08 00:57:07.035967+00:00,https://pro-api.coinmarketcap.com/public-api/v1/cryptocurrency/map?listing_status=active&limit=150&sort=cmc_rank&aux=status,f5b775946e846169b14b0596eb3e018779555c7fec857fca4c19b98290fb3754,-0.0339712918660285,-0.0321188878235856,-0.0843537414965985,0.2610868207370393,0.6164931945556444,0.0035459035679837,-0.000292728151974,-0.1362373840813613,-0.0319001371860103,0.215545529852677,0.826646705166004,0.7827806188936519,1.0565963574271764,0.4800305305471835,0.4362285178093336,0.9694795500730446,1.0719017956704429,13.517914327931091,True
2026-10-08,DASHUSDT,CURRENT_PROSPECTIVE_PIT,2026-10-08,2026-10-08 00:57:07.035967+00:00,https://pro-api.coinmarketcap.com/public-api/v1/cryptocurrency/map?listing_status=active&limit=150&sort=cmc_rank&aux=status,f5b775946e846169b14b0596eb3e018779555c7fec857fca4c19b98290fb3754,-0.1316738197424892,-0.2044668134633532,-0.1903313590523451,0.6305609284332687,0.4496990541702492,-0.0935350359215477,-0.1753160707730267,-0.2376120149514819,0.2986294015967872,0.1268667462903997,0.901153517010734,1.1613697330461648,1.3165137575486887,0.4077176327944276,0.3845148123864885,1.2216863625394845,1.177254372312947,16.689963791466496,True
2026-10-08,DCRUSDT,CURRENT_PROSPECTIVE_PIT,2026-10-08,2026-10-08 00:57:07.035967+00:00,https://pro-api.coinmarketcap.com/public-api/v1/cryptocurrency/map?listing_status=active&limit=150&sort=cmc_rank&aux=status,f5b775946e846169b14b0596eb3e018779555c7fec857fca4c19b98290fb3754,-0.0477497255762896,-0.0482720789906746,-0.0034462952326248,0.349144634525661,0.5546594982078854,-0.0249920081204222,-0.0285469545334675,-0.0465685129941335,0.058920361189026,0.2002704348879316,0.4204408304534811,0.7631862233083773,0.7311230617849341,0.6061464036024569,0.3819212443584447,1.1935422117955152,0.649375853171349,12.98326306873431,True
2026-10-08,DOGEUSDT,CURRENT_PROSPECTIVE_PIT,2026-10-08,2026-10-08 00:57:07.035967+00:00,https://pro-api.coinmarketcap.com/public-api/v1/cryptocurrency/map?listing_status=active&limit=150&sort=cmc_rank&aux=status,f5b775946e846169b14b0596eb3e018779555c7fec857fca4c19b98290fb3754,-0.109462752993536,-0.1226641611859274,-0.066740699611327,0.2118240807498199,0.1338370210469508,-0.0597412729033291,-0.0813983527465975,-0.1092086396650938,-0.0338962799602716,-0.1058622912259292,0.50205991953372,0.7707041810734836,0.7596450805886248,0.8776948651222528,0.8337958181853524,1.7452634797284772,1.4729984102805658,18.0403672304055,True
2026-10-08,DOTUSDT,CURRENT_PROSPECTIVE_PIT,2026-10-08,2026-10-08 00:57:07.035967+00:00,https://pro-api.coinmarketcap.com/public-api/v1/cryptocurrency/map?listing_status=active&limit=150&sort=cmc_rank&aux=status,f5b775946e846169b14b0596eb3e018779555c7fec857fca4c19b98290fb3754,-0.0731292517006801,-0.0570934256055362,-0.1252006420545746,0.3642052565707134,0.2428734321550743,-0.0403676143452238,-0.0290391728583329,-0.1601118471785059,0.0905314034100384,-0.0190913337059377,0.7192651362953887,0.9018220647958504,0.8970692253815844,0.5471895240948644,0.4594464555225502,1.2731757544646012,0.9585012847953414,16.383534386471318,True
2026-10-08,EIGENUSDT,CURRENT_PROSPECTIVE_PIT,2026-10-08,2026-10-08 00:57:07.035967+00:00,https://pro-api.coinmarketcap.com/public-api/v1/cryptocurrency/map?listing_status=active&limit=150&sort=cmc_rank&aux=status,f5b775946e846169b14b0596eb3e018779555c7fec857fca4c19b98290fb3754,-0.1081847649918963,-0.0763743180864457,0.0401701323251417,0.2715193529751587,-0.0716997047659215,-0.0641410384019549,-0.038056435597074,-0.0289255471449988,0.0454022689295339,-0.2479013921540407,0.9590486503410356,0.9780791731354171,0.945069469145646,0.5578958447034209,0.6115471514942321,1.407851560089421,1.3440812315157893,15.286485188691357,True
2026-10-08,ENAUSDT,CURRENT_PROSPECTIVE_PIT,2026-10-08,2026-10-08 00:57:07.035967+00:00,https://pro-api.coinmarketcap.com/public-api/v1/cryptocurrency/map?listing_status=active&limit=150&sort=cmc_rank&aux=status,f5b775946e846169b14b0596eb3e018779555c7fec857fca4c19b98290fb3754,-0.1504934210526315,-0.0801424755120213,0.2977386934673367,1.3856812933025404,1.5474722564734895,-0.0958544113199631,-0.0303732691356958,0.1584844607046429,0.5367104557231249,0.5941260406490997,1.343860682927894,1.3209648151014524,1.4011338026673452,0.2757822831067986,0.5304386211341784,0.93991231754517,1.7284092579333676,17.771525074666258,True
2026-10-08,ENSUSDT,CURRENT_PROSPECTIVE_PIT,2026-10-08,2026-10-08 00:57:07.035967+00:00,https://pro-api.coinmarketcap.com/public-api/v1/cryptocurrency/map?listing_status=active&limit=150&sort=cmc_rank&aux=status,f5b775946e846169b14b0596eb3e018779555c7fec857fca4c19b98290fb3754,-0.1074020319303337,-0.1313559322033898,-0.0128410914927769,0.4539007092198581,0.4712918660287084,-0.0503197798232419,-0.0847942265909146,-0.0987743969282173,0.0806036030709943,0.0793716559949998,0.4726143889837608,0.7367843142331904,0.975374739505377,0.7023061774206323,0.7386639315104842,1.3350471015414969,1.675522379354872,14.207838977040876,True
2026-10-08,ETCUSDT,CURRENT_PROSPECTIVE_PIT,2026-10-08,2026-10-08 00:57:07.035967+00:00,https://pro-api.coinmarketcap.com/public-api/v1/cryptocurrency/map?listing_status=active&limit=150&sort=cmc_rank&aux=status,f5b775946e846169b14b0596eb3e018779555c7fec857fca4c19b98290fb3754,-0.0934684684684684,-0.1427050053248135,-0.0661252900232016,0.2538940809968848,0.1402266288951843,-0.0467618688125304,-0.1054572442428352,-0.1275178941702985,-0.0059538263156991,-0.1046712896061424,0.40690644475452,0.7622610491014238,0.8222408464074976,0.6700832776745311,0.7112043451820661,1.317838638252559,1.3599573373549514,15.301234162397945,True
2026-10-08,ETHFIUSDT,CURRENT_PROSPECTIVE_PIT,2026-10-08,2026-10-08 00:57:07.035967+00:00,https://pro-api.coinmarketcap.com/public-api/v1/cryptocurrency/map?listing_status=active&limit=150&sort=cmc_rank&aux=status,f5b775946e846169b14b0596eb3e018779555c7fec857fca4c19b98290fb3754,-0.0636451301832208,0.0002943340691685,0.124772464007943,0.7783882783882783,0.6741379310344826,-0.0243939392958408,0.0353944125622003,0.0614391859663796,0.3890325589284861,0.2884379028959133,0.9754851924375032,1.1398320839057483,1.0761563548128323,0.4129139787238701,0.4658584401495463,1.2143117331669997,1.165899667770001,15.72084915077916,True
2026-10-08,ETHUSDT,CURRENT_PROSPECTIVE_PIT,2026-10-08,2026-10-08 00:57:07.035967+00:00,https://pro-api.coinmarketcap.com/public-api/v1/cryptocurrency/map?listing_status=active&limit=150&sort=cmc_rank&aux=status,f5b775946e846169b14b0596eb3e018779555c7fec857fca4c19b98290fb3754,-0.0855816909422779,-0.0793326017001171,-0.0041286729495464,0.2952660089498338,0.3772991624231294,-0.0437189699313562,-0.0435546137344329,-0.0604966306695303,-0.0625251932416079,-0.0198754307326989,0.3295886098010964,0.449605567118205,0.5920854029418927,0.9104721052806478,0.8839144876109755,1.0561559574695527,1.2171005038706275,20.425455557455727,True
2026-10-08,FDUSDUSDT,CURRENT_PROSPECTIVE_PIT,2026-10-08,2026-10-08 00:57:07.035967+00:00,https://pro-api.coinmarketcap.com/public-api/v1/cryptocurrency/map?listing_status=active&limit=150&sort=cmc_rank&aux=status,f5b775946e846169b14b0596eb3e018779555c7fec857fca4c19b98290fb3754,-0.0010009008107296,-0.0008008809690659,-0.000500700981374,0.0,0.0002004208838559,-0.0006517957844901,-0.0005001757465757,-0.0009165190274622,-0.0026033317991055,-0.0025691014755763,0.0077128635708186,0.0075842314254998,0.0076826787082605,0.5926873424815691,0.5349870565251111,0.0115975687984914,0.0095584568040009,16.855199290559163,True
2026-10-08,FETUSDT,CURRENT_PROSPECTIVE_PIT,2026-10-08,2026-10-08 00:57:07.035967+00:00,https://pro-api.coinmarketcap.com/public-api/v1/cryptocurrency/map?listing_status=active&limit=150&sort=cmc_rank&aux=status,f5b775946e846169b14b0596eb3e018779555c7fec857fca4c19b98290fb3754,-0.0633680555555555,-0.0564057717533886,0.2049134561697374,0.5961538461538463,0.3296364756623535,0.0017393379538179,-0.000730901087044,0.1331200405093813,0.2196267174310216,0.0010043350624281,1.0910488488774066,1.274559126465105,1.1432737907965136,0.63309657206327,0.672622164148144,2.0818991002871745,1.7883530401664651,16.808098067645915,True
2026-10-08,FFUSDT,CURRENT_PROSPECTIVE_PIT,2026-10-08,2026-10-08 00:57:07.035967+00:00,https://pro-api.coinmarketcap.com/public-api/v1/cryptocurrency/map?listing_status=active&limit=150&sort=cmc_rank&aux=status,f5b775946e846169b14b0596eb3e018779555c7fec857fca4c19b98290fb3754,-0.1372181980955481,-0.222059147281133,-0.2941137301904382,0.678435718809373,0.7769024472008046,-0.1526029524830236,-0.2339193830975801,-0.2728805591735539,0.7001375958073336,0.8086608568745237,0.5813177090897911,0.9157416908827604,1.1478137866990898,-0.3913856370289041,-0.1608925085329473,-0.924714354081076,-0.4294761938677916,14.382610601729198,True
2026-10-08,FILUSDT,CURRENT_PROSPECTIVE_PIT,2026-10-08,2026-10-08 00:57:07.035967+00:00,https://pro-api.coinmarketcap.com/public-api/v1/cryptocurrency/map?listing_status=active&limit=150&sort=cmc_rank&aux=status,f5b775946e846169b14b0596eb3e018779555c7fec857fca4c19b98290fb3754,0.0477263818110544,0.0790270488494144,0.2656564460755297,0.5257599543313829,0.3567258883248729,0.0895821321533632,0.1147647258327893,0.1969814318181299,0.160151381198132,0.0172850943232873,1.0224784607774775,1.2527006295114709,1.0759846930482777,0.4520624163222556,0.4295823691373869,1.4610848114844113,1.0749403806671778,16.64549673133759,True
2026-10-08,FLOKIUSDT,CURRENT_PROSPECTIVE_PIT,2026-10-08,2026-10-08 00:57:07.035967+00:00,https://pro-api.coinmarketcap.com/public-api/v1/cryptocurrency/map?listing_status=active&limit=150&sort=cmc_rank&aux=status,f5b775946e846169b14b0596eb3e018779555c7fec857fca4c19b98290fb3754,-0.0632638389647735,-0.0817477096546863,-0.0072380952380952,0.2234741784037559,0.1113006396588487,0.0008391857586017,-0.028850191635197,-0.069772601655342,-0.0724458340936477,-0.1684245467007789,0.5728456943745527,0.8440031255256624,0.9272978889660825,0.8152182036454831,0.8195549158152894,1.7752014833985554,1.7673768678334962,14.655036375421062,True
2026-10-08,GNOUSDT,CURRENT_PROSPECTIVE_PIT,2026-10-08,2026-10-08 00:57:07.035967+00:00,https://pro-api.coinmarketcap.com/public-api/v1/cryptocurrency/map?listing_status=active&limit=150&sort=cmc_rank&aux=status,f5b775946e846169b14b0596eb3e018779555c7fec857fca4c19b98290fb3754,-0.0338245144005358,0.0077722469653305,-0.0172032021802077,0.0863221312247011,0.0599797924129696,-0.0118629609495998,0.0274001642243782,-0.0569930172810614,-0.1064599639732176,-0.1351619025355747,0.3593956809392078,0.3335482915762919,0.4268968032427729,0.5253919428837002,0.6242193853002522,0.4521388833171366,0.619714974135106,11.93104943123742,True
2026-10-08,GRTUSDT,CURRENT_PROSPECTIVE_PIT,2026-10-08,2026-10-08 00:57:07.035967+00:00,https://pro-api.coinmarketcap.com/public-api/v1/cryptocurrency/map?listing_status=active&limit=150&sort=cmc_rank&aux=status,f5b775946e846169b14b0596eb3e018779555c7fec857fca4c19b98290fb3754,-0.0747597009611962,-0.0099047619047618,0.340381640020629,0.7986159169550173,0.4741917186613726,-0.0274234260845376,0.0322508568970955,0.2505200360957753,0.3964462532570985,0.1332221621194602,1.8001594056634305,1.3793886987910269,1.1464449577392002,0.3769396544027088,0.5137890327818857,1.3414924104510757,1.369840095667076,13.992932574753256,True
2026-10-08,HBARUSDT,CURRENT_PROSPECTIVE_PIT,2026-10-08,2026-10-08 00:57:07.035967+00:00,https://pro-api.coinmarketcap.com/public-api/v1/cryptocurrency/map?listing_status=active&limit=150&sort=cmc_rank&aux=status,f5b775946e846169b14b0596eb3e018779555c7fec857fca4c19b98290fb3754,-0.1199220652703361,-0.029541304114298,0.1426764482671387,0.3165257942290878,0.2841506751954514,-0.0886857543992947,0.0010349469977308,0.1012731829143296,0.1071243762517294,0.0721713747394837,1.6672738878664504,1.2783183017661293,0.9695588254861416,0.3018456458514282,0.4254518684786628,0.9955283926447456,0.9593043968297704,16.466558400361418,True
2026-10-08,ICPUSDT,CURRENT_PROSPECTIVE_PIT,2026-10-08,2026-10-08 00:57:07.035967+00:00,https://pro-api.coinmarketcap.com/public-api/v1/cryptocurrency/map?listing_status=active&limit=150&sort=cmc_rank&aux=status,f5b775946e846169b14b0596eb3e018779555c7fec857fca4c19b98290fb3754,-0.1145896656534954,-0.0554474708171207,-0.0085091899251192,0.3430152143845089,0.2659713168187743,-0.0897655969869332,-0.0330769651906306,-0.0444388910498996,0.1341566873034018,0.045044922024037,0.9540584092419238,0.8842892811635219,0.8080134387126525,0.5222635895579212,0.4446098055781994,1.191554300818878,0.8354672997689493,16.074463469906394,True
2026-10-08,IMXUSDT,CURRENT_PROSPECTIVE_PIT,2026-10-08,2026-10-08 00:57:07.035967+00:00,https://pro-api.coinmarketcap.com/public-api/v1/cryptocurrency/map?listing_status=active&limit=150&sort=cmc_rank&aux=status,f5b775946e846169b14b0596eb3e018779555c7fec857fca4c19b98290fb3754,0.0738569753810081,0.2068511198945981,0.3868281604844814,0.6700091157702825,0.336250911743253,0.1171432180949967,0.2475831714652014,0.3274065289629676,0.3372702408913564,0.0550196640674291,1.1345288692846591,0.9976669750268624,0.8566619559670723,0.5428602673825412,0.5228404922080719,1.3973441498007402,1.041622928358605,13.638663472649627,True
2026-10-08,INJUSDT,CURRENT_PROSPECTIVE_PIT,2026-10-08,2026-10-08 00:57:07.035967+00:00,https://pro-api.coinmarketcap.com/public-api/v1/cryptocurrency/map?listing_status=active&limit=150&sort=cmc_rank&aux=status,f5b775946e846169b14b0596eb3e018779555c7fec857fca4c19b98290fb3754,-0.0820540687406602,-0.1602038279890628,0.0552865844135561,0.5717608746220049,0.3468208092485547,-0.0401082173385359,-0.1279052469028599,-0.0164400634599411,0.1263820639854934,-0.0580269588763626,0.8500430752201114,1.21340634896339,1.095243086927994,0.5624524122434487,0.5067766418098758,1.7608476218016238,1.2907999672563488,16.33293436552569,True
2026-10-08,IOTAUSDT,CURRENT_PROSPECTIVE_PIT,2026-10-08,2026-10-08 00:57:07.035967+00:00,https://pro-api.coinmarketcap.com/public-api/v1/cryptocurrency/map?listing_status=active&limit=150&sort=cmc_rank&aux=status,f5b775946e846169b14b0596eb3e018779555c7fec857fca4c19b98290fb3754,-0.0965391621129325,0.0333333333333332,0.1725768321513003,0.417142857142857,0.2685421994884909,-0.0463748233496333,0.0831593374667035,0.0839088118627551,0.0294687851646393,-0.0915422126672109,1.0177340785651765,1.0167144046356182,0.9022701068133652,0.634133186157488,0.706654466192932,1.66344783747103,1.4827758800775594,13.929855534797056,True
2026-10-08,JASMYUSDT,CURRENT_PROSPECTIVE_PIT,2026-10-08,2026-10-08 00:57:07.035967+00:00,https://pro-api.coinmarketcap.com/public-api/v1/cryptocurrency/map?listing_status=active&limit=150&sort=cmc_rank&aux=status,f5b775946e846169b14b0596eb3e018779555c7fec857fca4c19b98290fb3754,-0.1818181818181818,0.0612244897959184,0.1142857142857143,0.1729323308270678,0.0263157894736842,-0.1360031577311075,0.1112915530921371,0.0545197146102295,-0.0511682096908359,-0.1817883945593166,1.167246231817591,0.9852965070902336,1.0108097181033897,0.5771184312998809,0.6260884844142888,1.4671064151085984,1.4717598814001769,13.862683055549695,True
2026-10-08,JSTUSDT,CURRENT_PROSPECTIVE_PIT,2026-10-08,2026-10-08 00:57:07.035967+00:00,https://pro-api.coinmarketcap.com/public-api/v1/cryptocurrency/map?listing_status=active&limit=150&sort=cmc_rank&aux=status,f5b775946e846169b14b0596eb3e018779555c7fec857fca4c19b98290fb3754,0.0682286499274975,0.2311548948896122,0.3339369103211667,0.3865279841505697,0.3656942140696655,0.0643413697013333,0.2279161962290591,0.3366751159261429,0.3311755689961233,0.3145803406156791,0.5643962678483945,0.476133837156035,0.4553561588553292,-0.0137924603588189,-0.0835948062898915,-0.0169433982594069,-0.0885242684402599,15.23198485581596,True
2026-10-08,JTOUSDT,CURRENT_PROSPECTIVE_PIT,2026-10-08,2026-10-08 00:57:07.035967+00:00,https://pro-api.coinmarketcap.com/public-api/v1/cryptocurrency/map?listing_status=active&limit=150&sort=cmc_rank&aux=status,f5b775946e846169b14b0596eb3e018779555c7fec857fca4c19b98290fb3754,-0.0689209164818921,0.0283673469387755,0.128555431131019,-0.0328214971209213,-0.1819805194805194,-0.0258926146300796,0.0673790612981711,0.0641647713936925,-0.1371864424072377,-0.2791897567372896,1.229606751312958,1.227148218671726,1.1483598454822683,0.4175609657065238,0.4656999892482139,1.3220462329648268,1.243701224346094,14.910991382656286,True
2026-10-08,JUPUSDT,CURRENT_PROSPECTIVE_PIT,2026-10-08,2026-10-08 00:57:07.035967+00:00,https://pro-api.coinmarketcap.com/public-api/v1/cryptocurrency/map?listing_status=active&limit=150&sort=cmc_rank&aux=status,f5b775946e846169b14b0596eb3e018779555c7fec857fca4c19b98290fb3754,0.0294027565084227,0.1147595356550581,0.3963439966763606,0.861018826135105,0.6515970515970517,0.0797989887283017,0.1595994061954108,0.2880114941143397,0.4621620943258019,0.2723504846712644,1.1792858869048226,1.1230544057691962,1.1570433626166832,0.4244458206606732,0.4812377689016348,1.2298518137860224,1.2949147439453033,15.522100564345052,True
2026-10-08,KAIAUSDT,CURRENT_PROSPECTIVE_PIT,2026-10-08,2026-10-08 00:57:07.035967+00:00,https://pro-api.coinmarketcap.com/public-api/v1/cryptocurrency/map?listing_status=active&limit=150&sort=cmc_rank&aux=status,f5b775946e846169b14b0596eb3e018779555c7fec857fca4c19b98290fb3754,0.0054347826086955,0.0979228486646883,0.1635220125786163,0.3503649635036494,0.0662824207492793,0.0560595263562202,0.1447547882702808,0.0809766127678441,-0.004588101561525,-0.2261421679666531,0.6990518793470467,0.7243436012506342,0.8055538476410449,0.6358209200781517,0.7123796624307404,1.18825368434424,1.334559448923569,13.481481773221612,True
2026-10-08,KITEUSDT,CURRENT_PROSPECTIVE_PIT,2026-10-08,2026-10-08 00:57:07.035967+00:00,https://pro-api.coinmarketcap.com/public-api/v1/cryptocurrency/map?listing_status=active&limit=150&sort=cmc_rank&aux=status,f5b775946e846169b14b0596eb3e018779555c7fec857fca4c19b98290fb3754,-0.1798418972332015,-0.0517897943640518,0.0863874345549737,0.2575757575757575,0.046218487394958,-0.1564346440182619,-0.0287582784891826,0.034182599558737,0.0223234733777807,-0.1603796911283484,1.2033104556127694,1.0744432334052658,1.0379302407712347,0.4288934088291717,0.3397545286289309,1.1889472197484423,0.8200970611141464,14.32097229204355,True
2026-10-08,KMNOUSDT,CURRENT_PROSPECTIVE_PIT,2026-10-08,2026-10-08 00:57:07.035967+00:00,https://pro-api.coinmarketcap.com/public-api/v1/cryptocurrency/map?listing_status=active&limit=150&sort=cmc_rank&aux=status,f5b775946e846169b14b0596eb3e018779555c7fec857fca4c19b98290fb3754,-0.1186893203883494,-0.0432147562582344,0.3853491033956506,1.0116343490304711,0.8774560496380559,-0.0776273965433259,-0.0067063464920928,0.304120251750118,0.7400402974031306,0.6118116078502309,1.376895435081758,1.1786207661104011,1.1395985528693742,0.1986469823750211,0.4664076580949584,0.6040679433007747,1.2360880204433713,13.51477146392437,True
2026-10-08,LDOUSDT,CURRENT_PROSPECTIVE_PIT,2026-10-08,2026-10-08 00:57:07.035967+00:00,https://pro-api.coinmarketcap.com/public-api/v1/cryptocurrency/map?listing_status=active&limit=150&sort=cmc_rank&aux=status,f5b775946e846169b14b0596eb3e018779555c7fec857fca4c19b98290fb3754,-0.0743952533089912,-0.0733379026730636,0.0513219284603423,0.434736469755925,0.3501997336884155,-0.0373897054965429,-0.0421867786550735,-0.0050014771098458,0.2135164480184014,0.1324206410146318,1.2264213146988898,1.169392847142121,0.9676195625313092,0.4705838762780651,0.5075824317129392,1.419800105864452,1.1422023721339232,15.309303549222152,True
2026-10-08,LINKUSDT,CURRENT_PROSPECTIVE_PIT,2026-10-08,2026-10-08 00:57:07.035967+00:00,https://pro-api.coinmarketcap.com/public-api/v1/cryptocurrency/map?listing_status=active&limit=150&sort=cmc_rank&aux=status,f5b775946e846169b14b0596eb3e018779555c7fec857fca4c19b98290fb3754,-0.1167106909495341,-0.0388775433023219,0.0150982585077488,0.5520947844143156,0.5943538268506903,-0.0775176464994821,-0.0018237903464771,-0.0446714230894594,0.1727903379484963,0.1856912569425087,0.8137155347486663,0.7899304935226297,0.7848264045860384,0.5635130515325985,0.6507830395036528,1.1484777524160563,1.187795478387339,17.33288963525932,True
2026-10-08,LTCUSDT,CURRENT_PROSPECTIVE_PIT,2026-10-08,2026-10-08 00:57:07.035967+00:00,https://pro-api.coinmarketcap.com/public-api/v1/cryptocurrency/map?listing_status=active&limit=150&sort=cmc_rank&aux=status,f5b775946e846169b14b0596eb3e018779555c7fec857fca4c19b98290fb3754,-0.0728126834997064,-0.1221681723419041,0.1631675874769798,0.389353277606687,0.4104510942384991,-0.0425198935025562,-0.0978192771158873,0.1215158843765942,0.142869696774142,0.1491384918181612,0.4255197674801567,0.7420396652871113,0.6510044796819631,0.5392616457595718,0.589295032536761,1.032419935721624,0.8921720079153478,16.997506684319706,True
2026-10-08,LUNCUSDT,CURRENT_PROSPECTIVE_PIT,2026-10-08,2026-10-08 00:57:07.035967+00:00,https://pro-api.coinmarketcap.com/public-api/v1/cryptocurrency/map?listing_status=active&limit=150&sort=cmc_rank&aux=status,f5b775946e846169b14b0596eb3e018779555c7fec857fca4c19b98290fb3754,-0.054812582407233,-0.0871384391486265,-0.0613542835765058,0.0176434800243356,-0.1788577974144984,-0.0209951335208914,-0.0598294664470014,-0.1097884927352787,-0.1944636742818127,-0.3539724210159647,0.3544440049751737,0.522982894969212,0.6134927958308617,0.588295811617615,0.6635189254479045,0.7938034271893539,0.94666128778202,14.246378676318786,True
2026-10-08,MANAUSDT,CURRENT_PROSPECTIVE_PIT,2026-10-08,2026-10-08 00:57:07.035967+00:00,https://pro-api.coinmarketcap.com/public-api/v1/cryptocurrency/map?listing_status=active&limit=150&sort=cmc_rank&aux=status,f5b775946e846169b14b0596eb3e018779555c7fec857fca4c19b98290fb3754,0.0405405405405403,0.05,0.2110091743119264,0.3853073463268366,0.2995780590717301,0.0726525817629413,0.0769768265979597,0.1585385014573668,0.1734883351753973,0.0880795468175482,0.9932601946943242,0.8549931911675004,0.7126161550113932,0.3972945194256078,0.5276231112082513,0.8764052262475762,0.8744023373165967,13.363192526177768,True
2026-10-08,METUSDT,CURRENT_PROSPECTIVE_PIT,2026-10-08,2026-10-08 00:57:07.035967+00:00,https://pro-api.coinmarketcap.com/public-api/v1/cryptocurrency/map?listing_status=active&limit=150&sort=cmc_rank&aux=status,f5b775946e846169b14b0596eb3e018779555c7fec857fca4c19b98290fb3754,0.4692588899966765,0.3482769136931991,1.2741769547325106,1.7206153846153844,1.8357921744708143,0.5358448252342252,0.396464994843392,1.1148556647583228,0.9885246058579888,1.0215090218900968,1.9806588321478176,1.685497083570225,1.4270087302170162,0.1858307688536857,0.3081491297236411,0.808119074044062,1.0226320775034974,14.70675276452969,True
2026-10-08,MORPHOUSDT,CURRENT_PROSPECTIVE_PIT,2026-10-08,2026-10-08 00:57:07.035967+00:00,https://pro-api.coinmarketcap.com/public-api/v1/cryptocurrency/map?listing_status=active&limit=150&sort=cmc_rank&aux=status,f5b775946e846169b14b0596eb3e018779555c7fec857fca4c19b98290fb3754,-0.0886566008517227,-0.1643592474263401,-0.0067510548523206,0.231171548117155,0.0748858447488585,-0.0627709027749496,-0.1443877220328039,-0.0404559065128777,0.0434988715806626,-0.0929239634615662,0.7465707121234952,0.8491235074289721,0.9650345889522948,0.5024788878567428,0.3649584239720927,1.1008253240551982,0.8190645091647939,15.400170738448304,True
2026-10-08,NEARUSDT,CURRENT_PROSPECTIVE_PIT,2026-10-08,2026-10-08 00:57:07.035967+00:00,https://pro-api.coinmarketcap.com/public-api/v1/cryptocurrency/map?listing_status=active&limit=150&sort=cmc_rank&aux=status,f5b775946e846169b14b0596eb3e018779555c7fec857fca4c19b98290fb3754,-0.071740486587648,-0.0276628185580483,0.924137931034483,1.79,1.358161648177496,-0.0346924565562959,0.0043565251539541,0.7992626784570637,1.0919062945172375,0.7202295780231927,1.5481875995071706,1.5678424816951768,1.2672785237353268,0.3506264511523363,0.3901664840220694,1.4183285080744878,1.1498835757982515,19.03192705609874,True
2026-10-08,NEXOUSDT,CURRENT_PROSPECTIVE_PIT,2026-10-08,2026-10-08 00:57:07.035967+00:00,https://pro-api.coinmarketcap.com/public-api/v1/cryptocurrency/map?listing_status=active&limit=150&sort=cmc_rank&aux=status,f5b775946e846169b14b0596eb3e018779555c7fec857fca4c19b98290fb3754,-0.0200708382526564,-0.0393518518518518,-0.0095465393794749,0.1277173913043479,0.0921052631578946,0.0123752979736924,-0.0127676261272157,-0.0404669792796286,-0.0736717018759446,-0.111944063722972,0.3750363966365417,0.3932388631920336,0.4681911732423437,0.7769832142805218,0.7870025691197811,0.7883113814998621,0.8569021008705606,13.238130311640017,True
2026-10-08,NIGHTUSDT,CURRENT_PROSPECTIVE_PIT,2026-10-08,2026-10-08 00:57:07.035967+00:00,https://pro-api.coinmarketcap.com/public-api/v1/cryptocurrency/map?listing_status=active&limit=150&sort=cmc_rank&aux=status,f5b775946e846169b14b0596eb3e018779555c7fec857fca4c19b98290fb3754,0.1643229166666666,0.8301268931641423,0.9558180227471568,1.486651835372636,0.4422580645161289,0.2098079439956902,0.8904518063871645,0.7933614203619986,0.8705714197181389,0.0780411027512495,1.9435363405779733,1.5330615552425102,1.245650549110374,0.2299358815726112,0.3791568590768716,0.9094861077926094,1.0983657361797754,14.413849880194336,True
2026-10-08,ONDOUSDT,CURRENT_PROSPECTIVE_PIT,2026-10-08,2026-10-08 00:57:07.035967+00:00,https://pro-api.coinmarketcap.com/public-api/v1/cryptocurrency/map?listing_status=active&limit=150&sort=cmc_rank&aux=status,f5b775946e846169b14b0596eb3e018779555c7fec857fca4c19b98290fb3754,-0.0538910114618943,-0.0986590038314176,0.2556712036295703,0.350459242250287,0.4327040194884286,-0.0082654168857407,-0.0622355213642144,0.169881842491881,0.0298421635655932,0.0612757553568705,0.9033540888350218,1.2344623793696556,1.0116698845069545,0.4360430189264778,0.5321088826093857,1.3887911023404127,1.2519044022223431,17.105864883717565,True
2026-10-08,OPUSDT,CURRENT_PROSPECTIVE_PIT,2026-10-08,2026-10-08 00:57:07.035967+00:00,https://pro-api.coinmarketcap.com/public-api/v1/cryptocurrency/map?listing_status=active&limit=150&sort=cmc_rank&aux=status,f5b775946e846169b14b0596eb3e018779555c7fec857fca4c19b98290fb3754,-0.0710382513661201,-0.0943683409436834,0.1301044634377965,0.3507377979568671,0.1497584541062802,-0.0216581344369536,-0.054169354887326,0.0465572480439495,0.0192019232998871,-0.1465593532993992,1.0637410523401962,1.2000350365723853,1.0546594702891725,0.5846091607336653,0.5762553346163956,1.81004457787784,1.4133803573962596,15.845767364512284,True
2026-10-08,ORCAUSDT,CURRENT_PROSPECTIVE_PIT,2026-10-08,2026-10-08 00:57:07.035967+00:00,https://pro-api.coinmarketcap.com/public-api/v1/cryptocurrency/map?listing_status=active&limit=150&sort=cmc_rank&aux=status,f5b775946e846169b14b0596eb3e018779555c7fec857fca4c19b98290fb3754,0.3730205278592375,0.4835234474017744,0.6497533474277661,1.2210626185958255,0.9622799664710812,0.4152407720189514,0.5216410073392118,0.5809409301270569,0.7596196527346216,0.5350366189740449,2.3046917969241703,1.6409185286765258,1.2674486077252347,0.3299372677422092,0.3443838666043215,1.396844689277154,1.0150910350636808,14.02017329401686,True
2026-10-08,PAXGUSDT,CURRENT_PROSPECTIVE_PIT,2026-10-08,2026-10-08 00:57:07.035967+00:00,https://pro-api.coinmarketcap.com/public-api/v1/cryptocurrency/map?listing_status=active&limit=150&sort=cmc_rank&aux=status,f5b775946e846169b14b0596eb3e018779555c7fec857fca4c19b98290fb3754,-0.0102292272496308,-0.0260492957746479,-0.0471812937480479,-0.0418099476451881,0.008676647201544,0.000676714771203,-0.0171439006705956,-0.0639581137211602,-0.1344213721863974,-0.0971688838283402,0.1972155663726046,0.1790121114897045,0.2225600500101871,0.3260847816939891,0.5578000307857115,0.1506061388405995,0.2887071768178506,16.52743946112381,True
2026-10-08,PENDLEUSDT,CURRENT_PROSPECTIVE_PIT,2026-10-08,2026-10-08 00:57:07.035967+00:00,https://pro-api.coinmarketcap.com/public-api/v1/cryptocurrency/map?listing_status=active&limit=150&sort=cmc_rank&aux=status,f5b775946e846169b14b0596eb3e018779555c7fec857fca4c19b98290fb3754,-0.1238416175231676,-0.1981495759444872,-0.0248476324425691,0.5271659324522759,0.3765718067504964,-0.0920428291526936,-0.1739854113458737,-0.0933598403779004,0.1148535993427344,-0.0123284629591292,0.7538080357578121,0.9739833518032746,0.8966245187710687,0.3584625179856818,0.4886780760148052,0.9007930217286926,1.0189791597420217,15.373953887770972,True
2026-10-08,PENGUUSDT,CURRENT_PROSPECTIVE_PIT,2026-10-08,2026-10-08 00:57:07.035967+00:00,https://pro-api.coinmarketcap.com/public-api/v1/cryptocurrency/map?listing_status=active&limit=150&sort=cmc_rank&aux=status,f5b775946e846169b14b0596eb3e018779555c7fec857fca4c19b98290fb3754,-0.1603893355903513,-0.1839588688946014,-0.0179433238460585,0.2301968687025268,0.2644996813256852,-0.1029933439191478,-0.1372131165705165,-0.0910248689184429,-0.1166972294167132,-0.1105724451633429,0.9640726111656464,1.0363481107376855,1.1139341560526983,0.6228500472554347,0.7018435542435278,1.6654012648501944,1.8181582134127088,16.323795522994136,True
2026-10-08,PEPEUSDT,CURRENT_PROSPECTIVE_PIT,2026-10-08,2026-10-08 00:57:07.035967+00:00,https://pro-api.coinmarketcap.com/public-api/v1/cryptocurrency/map?listing_status=active&limit=150&sort=cmc_rank&aux=status,f5b775946e846169b14b0596eb3e018779555c7fec857fca4c19b98290fb3754,-0.1354401805869075,-0.1354401805869075,0.0464480874316939,0.3298611111111109,0.3727598566308243,-0.0640360191844797,-0.0757216759946296,-0.0272309333718253,-0.057543041307942,-0.0436226396609185,0.5700879108650352,1.05953207474535,1.1190118195893712,0.7701553212675347,0.8211344388791136,2.105339590258872,2.136883160491719,17.240331395873486,True
2026-10-08,POLUSDT,CURRENT_PROSPECTIVE_PIT,2026-10-08,2026-10-08 00:57:07.035967+00:00,https://pro-api.coinmarketcap.com/public-api/v1/cryptocurrency/map?listing_status=active&limit=150&sort=cmc_rank&aux=status,f5b775946e846169b14b0596eb3e018779555c7fec857fca4c19b98290fb3754,-0.088235294117647,-0.0968660968660969,0.0284667713239141,0.2660396804947178,0.2364116758933065,-0.0602175642460442,-0.0736428750196732,-0.010172098526239,0.0797847142724804,0.0412071569719763,0.6758084289911727,0.7994626393814115,0.9073465158306538,0.5668306384184713,0.4026331916458662,1.1691795706086177,0.8496001597317426,16.05006459155496,True
2026-10-08,PUMPUSDT,CURRENT_PROSPECTIVE_PIT,2026-10-08,2026-10-08 00:57:07.035967+00:00,https://pro-api.coinmarketcap.com/public-api/v1/cryptocurrency/map?listing_status=active&limit=150&sort=cmc_rank&aux=status,f5b775946e846169b14b0596eb3e018779555c7fec857fca4c19b98290fb3754,-0.0494335736354272,0.4373215676096549,0.2828353022932595,1.0718294051627386,2.7931506849315078,-0.0145175408385887,0.4811796545192112,0.2241599468227043,0.6610740639537064,2.0000183139524808,1.7319673970386371,1.4987406408589297,1.5200841079228489,0.3624952241673686,0.2962103276724686,1.4017110650653306,1.047127706432482,17.255448723115386,True
2026-10-08,PYTHUSDT,CURRENT_PROSPECTIVE_PIT,2026-10-08,2026-10-08 00:57:07.035967+00:00,https://pro-api.coinmarketcap.com/public-api/v1/cryptocurrency/map?listing_status=active&limit=150&sort=cmc_rank&aux=status,f5b775946e846169b14b0596eb3e018779555c7fec857fca4c19b98290fb3754,0.0936364859410736,0.1898419203747072,0.5231403410155517,0.9424133811230586,0.709928481278923,0.1240973453676415,0.2175342071249056,0.4606848168103793,0.6262678832441851,0.4029029552626113,0.9607630753399587,0.912739974708664,0.8407009147404119,0.2700854724851993,0.3433040893938964,0.6360306207461497,0.6712005944443044,14.993907330004433,True
2026-10-08,QNTUSDT,CURRENT_PROSPECTIVE_PIT,2026-10-08,2026-10-08 00:57:07.035967+00:00,https://pro-api.coinmarketcap.com/public-api/v1/cryptocurrency/map?listing_status=active&limit=150&sort=cmc_rank&aux=status,f5b775946e846169b14b0596eb3e018779555c7fec857fca4c19b98290fb3754,-0.0356444516864917,1.6274139844617093,2.532229185317816,3.0598525124335447,2.479788328678524,-0.0127470528982531,1.67627670434823,2.3810761375673963,2.4417706893887408,1.9217231813715905,4.234107413830703,3.0385896586349386,2.190313365527265,0.1118070675061003,0.1410707574727027,0.8765385897555736,0.7185799369038872,15.146846846432076,True
2026-10-08,RAYUSDT,CURRENT_PROSPECTIVE_PIT,2026-10-08,2026-10-08 00:57:07.035967+00:00,https://pro-api.coinmarketcap.com/public-api/v1/cryptocurrency/map?listing_status=active&limit=150&sort=cmc_rank&aux=status,f5b775946e846169b14b0596eb3e018779555c7fec857fca4c19b98290fb3754,0.2390108422795491,0.1012057343586823,0.8873972825644778,2.671150498496597,2.329697143677336,0.2864823340116941,0.1353118664434446,0.7662842928165655,1.7012140664518167,1.403409903178258,1.1907843054220222,1.5064373771226929,1.4309631156058635,0.3017477491091274,0.2974601194670267,1.1728024113906117,0.9898947555332012,16.0253272261436,True
2026-10-08,RENDERUSDT,CURRENT_PROSPECTIVE_PIT,2026-10-08,2026-10-08 00:57:07.035967+00:00,https://pro-api.coinmarketcap.com/public-api/v1/cryptocurrency/map?listing_status=active&limit=150&sort=cmc_rank&aux=status,f5b775946e846169b14b0596eb3e018779555c7fec857fca4c19b98290fb3754,-0.0429319371727747,-0.0145552560646899,0.2146179401993357,0.4083204930662558,0.1665603063178047,-0.0019117723580784,0.0208560804216747,0.1547360434940257,0.1121894228273833,-0.098672608642595,0.8403647015524333,0.8955110599297639,0.771633768402388,0.616857676223368,0.672307219389773,1.4252322988309978,1.206454188957517,15.696266357771568,True
2026-10-08,RLUSDUSDT,CURRENT_PROSPECTIVE_PIT,2026-10-08,2026-10-08 00:57:07.035967+00:00,https://pro-api.coinmarketcap.com/public-api/v1/cryptocurrency/map?listing_status=active&limit=150&sort=cmc_rank&aux=status,f5b775946e846169b14b0596eb3e018779555c7fec857fca4c19b98290fb3754,0.0003998400639744,0.0003998400639744,0.000599880023995,9.993004896569067e-05,9.993004896569067e-05,0.0002487960012682,0.0002723800306529,0.0007367097825964,0.0016414959260104,0.001739668725073,0.0039229463381679,0.0044966858611074,0.0040470887091694,-0.7667263415108894,-0.4623593713146402,-0.0088953422281283,-0.0043516526664231,17.90272401616911,True
2026-10-08,RUNEUSDT,CURRENT_PROSPECTIVE_PIT,2026-10-08,2026-10-08 00:57:07.035967+00:00,https://pro-api.coinmarketcap.com/public-api/v1/cryptocurrency/map?listing_status=active&limit=150&sort=cmc_rank&aux=status,f5b775946e846169b14b0596eb3e018779555c7fec857fca4c19b98290fb3754,-0.1349614395886889,0.0548589341692791,0.3819301848049283,0.5651162790697675,0.6783042394014962,-0.095804233874273,0.0956113974528,0.3486099396559542,0.324578350717403,0.4100617913580852,1.1739155082592465,1.0383454969506902,0.8181686904760664,0.6484180261008072,0.6355799526626933,1.737107486550876,1.2093301544706658,15.02318608966153,True
2026-10-08,SANDUSDT,CURRENT_PROSPECTIVE_PIT,2026-10-08,2026-10-08 00:57:07.035967+00:00,https://pro-api.coinmarketcap.com/public-api/v1/cryptocurrency/map?listing_status=active&limit=150&sort=cmc_rank&aux=status,f5b775946e846169b14b0596eb3e018779555c7fec857fca4c19b98290fb3754,0.4768035516093232,0.5573501872659177,0.6455602275537968,0.6159825115375275,0.346761133603239,0.5297924480215168,0.6021756456808252,0.5502417318671842,0.2405931056811488,0.021373686214605,2.6100882218614507,1.8922066596446856,1.451783309082199,0.1660207169201011,0.2762643251774709,0.8105141104320776,0.9327353610623146,14.368238618327512,True
2026-10-08,SEIUSDT,CURRENT_PROSPECTIVE_PIT,2026-10-08,2026-10-08 00:57:07.035967+00:00,https://pro-api.coinmarketcap.com/public-api/v1/cryptocurrency/map?listing_status=active&limit=150&sort=cmc_rank&aux=status,f5b775946e846169b14b0596eb3e018779555c7fec857fca4c19b98290fb3754,-0.0621364732586181,0.05776,0.3347466182111853,0.6015019379844964,0.3232586068855085,-0.0223947634635588,0.0960382585932245,0.2730774661533902,0.3053879329302907,0.0685620495774023,1.2392798195932069,1.0932556983883472,0.8946060593251824,0.5195474573533804,0.5447260491446605,1.4654692223244556,1.1332919794455911,15.72893405279654,True
2026-10-08,SENTUSDT,CURRENT_PROSPECTIVE_PIT,2026-10-08,2026-10-08 00:57:07.035967+00:00,https://pro-api.coinmarketcap.com/public-api/v1/cryptocurrency/map?listing_status=active&limit=150&sort=cmc_rank&aux=status,f5b775946e846169b14b0596eb3e018779555c7fec857fca4c19b98290fb3754,0.1317117944011014,0.1411383618695048,0.6506024096385543,0.8471910112359551,0.6809815950920246,0.1659430470093988,0.1693928186054348,0.5862055803505797,0.5257589054446038,0.3792053496478026,0.9711080919040916,1.035983471887577,0.8747820009553675,0.502380047554388,0.4001053252148396,1.342811147158836,0.8139655157946218,14.081478823706334,True
2026-10-08,SHIBUSDT,CURRENT_PROSPECTIVE_PIT,2026-10-08,2026-10-08 00:57:07.035967+00:00,https://pro-api.coinmarketcap.com/public-api/v1/cryptocurrency/map?listing_status=active&limit=150&sort=cmc_rank&aux=status,f5b775946e846169b14b0596eb3e018779555c7fec857fca4c19b98290fb3754,-0.084628670120898,-0.0814558058925476,-0.020332717190388,0.1471861471861473,0.2072892938496582,-0.032254285011685,-0.0372281813429253,-0.0792648286295276,-0.1058621866491581,-0.0712602976604008,0.4896051222007661,0.6971021592889053,0.7851166627311559,0.8578730949102306,0.8172915533601502,1.5429405889410557,1.4922549937866685,15.3699220439285,True
2026-10-08,SKYUSDT,CURRENT_PROSPECTIVE_PIT,2026-10-08,2026-10-08 00:57:07.035967+00:00,https://pro-api.coinmarketcap.com/public-api/v1/cryptocurrency/map?listing_status=active&limit=150&sort=cmc_rank&aux=status,f5b775946e846169b14b0596eb3e018779555c7fec857fca4c19b98290fb3754,-0.0956161137440759,0.0409109504977498,0.1338383838383836,0.4315453863465865,0.2730153435623748,-0.0586429976583819,0.0777678962401735,0.0815469478023767,0.1070941404982773,-0.0321704554068456,1.209887995195244,1.0950347366357729,0.9136464085510502,0.549937149506199,0.5194072296812784,1.5537125821595552,1.1036159728779942,15.036966370784954,True
2026-10-08,SOLUSDT,CURRENT_PROSPECTIVE_PIT,2026-10-08,2026-10-08 00:57:07.035967+00:00,https://pro-api.coinmarketcap.com/public-api/v1/cryptocurrency/map?listing_status=active&limit=150&sort=cmc_rank&aux=status,f5b775946e846169b14b0596eb3e018779555c7fec857fca4c19b98290fb3754,-0.0742335951355459,-0.0633971291866029,0.0604624165618652,0.4372623574144487,0.4030462050428773,-0.0316105028502173,-0.0270174316716334,0.0041667862445729,0.1022943733915121,0.0586917802879876,0.4618890029358478,0.6460768851419335,0.6378335652230198,0.8660947343096115,0.8354546485022004,1.4437078903346696,1.2392590105336991,19.37242305215454,True
2026-10-08,STRKUSDT,CURRENT_PROSPECTIVE_PIT,2026-10-08,2026-10-08 00:57:07.035967+00:00,https://pro-api.coinmarketcap.com/public-api/v1/cryptocurrency/map?listing_status=active&limit=150&sort=cmc_rank&aux=status,f5b775946e846169b14b0596eb3e018779555c7fec857fca4c19b98290fb3754,0.3281548757170172,0.4208642290974176,0.8189852700490998,1.369722814498934,0.816013071895425,0.4195996319623271,0.5039941591924619,0.6541034459333728,0.7956734091619828,0.3525329243899277,1.578513335389917,2.003041642911689,1.572459362804217,0.4357552804282338,0.4422432869247458,2.2519687791453777,1.6172327062573268,15.3749619256437,True
2026-10-08,STXUSDT,CURRENT_PROSPECTIVE_PIT,2026-10-08,2026-10-08 00:57:07.035967+00:00,https://pro-api.coinmarketcap.com/public-api/v1/cryptocurrency/map?listing_status=active&limit=150&sort=cmc_rank&aux=status,f5b775946e846169b14b0596eb3e018779555c7fec857fca4c19b98290fb3754,0.0216635464027814,0.2177239400701307,0.4075165806927046,1.9429892141756548,1.22093023255814,0.0806026130462376,0.2772589602717925,0.2802202836588695,1.140908299721363,0.5890095397581241,1.0309158603556174,1.1261561161923035,1.213880458194753,0.5120692937799075,0.5186291828942508,1.487842850472561,1.4640796570064971,14.72449099091339,True
2026-10-08,SUIUSDT,CURRENT_PROSPECTIVE_PIT,2026-10-08,2026-10-08 00:57:07.035967+00:00,https://pro-api.coinmarketcap.com/public-api/v1/cryptocurrency/map?listing_status=active&limit=150&sort=cmc_rank&aux=status,f5b775946e846169b14b0596eb3e018779555c7fec857fca4c19b98290fb3754,-0.1159432600016988,0.0263287644216545,0.2828793294712188,0.5158753277017185,0.4085803221004194,-0.0647211399628501,0.0762570896763405,0.2190325725066419,0.1670591410971088,0.0643255847439847,1.215970468438543,1.161439473110757,0.9922728865788322,0.6750475188403299,0.6720787675428466,2.0228359148044497,1.5508976420249043,18.2917747697732,True
2026-10-08,SUNUSDT,CURRENT_PROSPECTIVE_PIT,2026-10-08,2026-10-08 00:57:07.035967+00:00,https://pro-api.coinmarketcap.com/public-api/v1/cryptocurrency/map?listing_status=active&limit=150&sort=cmc_rank&aux=status,f5b775946e846169b14b0596eb3e018779555c7fec857fca4c19b98290fb3754,-0.0193321616871703,-0.0312499999999998,-0.0100532229450029,-0.0705163797890061,-0.0921908893709327,-0.0111619036329753,-0.0241036357715862,-0.0219473825560522,-0.128071594061587,-0.1523075332880218,0.205894962442013,0.2066834683827562,0.2421718598336157,0.4658399049997768,0.4020712834318382,0.24841176343719,0.2264428274816188,13.243481827957098,True
2026-10-08,SYRUPUSDT,CURRENT_PROSPECTIVE_PIT,2026-10-08,2026-10-08 00:57:07.035967+00:00,https://pro-api.coinmarketcap.com/public-api/v1/cryptocurrency/map?listing_status=active&limit=150&sort=cmc_rank&aux=status,f5b775946e846169b14b0596eb3e018779555c7fec857fca4c19b98290fb3754,-0.0329716193656094,0.0643086816720257,0.0261293179805137,0.5477621910487642,0.2410283877878949,0.0109899206411995,0.1059465120473112,-0.0259332993110518,0.1692442446036574,-0.0786099879476246,0.7945746986009375,0.9000312015352315,0.880514478236038,0.5243051355090126,0.5864330306996202,1.2175068279218615,1.2008444661824882,14.34649729970804,True
2026-10-08,TAOUSDT,CURRENT_PROSPECTIVE_PIT,2026-10-08,2026-10-08 00:57:07.035967+00:00,https://pro-api.coinmarketcap.com/public-api/v1/cryptocurrency/map?listing_status=active&limit=150&sort=cmc_rank&aux=status,f5b775946e846169b14b0596eb3e018779555c7fec857fca4c19b98290fb3754,-0.1147000659195779,-0.0934863314208571,0.0390715667311412,0.3290450272142504,0.260441107461286,-0.0623780900801523,-0.0487513237030373,-0.0016230283146503,0.0661387926274919,-0.0082110746125222,0.7618645194562518,1.0760476033302957,0.9522745835326636,0.8161407492154135,0.7218454207410735,2.265824535739459,1.5985942059604132,17.436219860526702,True
2026-10-08,THETAUSDT,CURRENT_PROSPECTIVE_PIT,2026-10-08,2026-10-08 00:57:07.035967+00:00,https://pro-api.coinmarketcap.com/public-api/v1/cryptocurrency/map?listing_status=active&limit=150&sort=cmc_rank&aux=status,f5b775946e846169b14b0596eb3e018779555c7fec857fca4c19b98290fb3754,-0.0478359908883827,-0.0632003585835948,0.1636971046770601,0.4928571428571426,0.5079365079365079,-0.0002451127984869,-0.0240423482021346,0.0970888463304567,0.1957161234244681,0.1902722199539047,0.650750607745281,0.9472805033548346,0.8542681464991275,0.6323255143965542,0.6826298825697369,1.5454289137008326,1.356161292428245,13.75607936349754,True
2026-10-08,TIAUSDT,CURRENT_PROSPECTIVE_PIT,2026-10-08,2026-10-08 00:57:07.035967+00:00,https://pro-api.coinmarketcap.com/public-api/v1/cryptocurrency/map?listing_status=active&limit=150&sort=cmc_rank&aux=status,f5b775946e846169b14b0596eb3e018779555c7fec857fca4c19b98290fb3754,0.1698949824970828,0.025992632009824,0.2232796486090775,0.5621688999688375,0.2563909774436088,0.235836021163638,0.0739736238488011,0.1365021675868792,0.1864641649748669,-0.0592550310593082,0.918507532861248,1.227900811898353,1.1149857914815184,0.4733409273616135,0.5371677252810719,1.4995711352507124,1.3928715886910783,15.5207939252708,True
2026-10-08,TRUMPUSDT,CURRENT_PROSPECTIVE_PIT,2026-10-08,2026-10-08 00:57:07.035967+00:00,https://pro-api.coinmarketcap.com/public-api/v1/cryptocurrency/map?listing_status=active&limit=150&sort=cmc_rank&aux=status,f5b775946e846169b14b0596eb3e018779555c7fec857fca4c19b98290fb3754,-0.1155339805825242,-0.1219277108433735,-0.1814914645103323,0.2261103633916554,0.1281733746130031,-0.0701738457718528,-0.0839794875310758,-0.2255343845991694,-0.0543828573439146,-0.1418730884280199,0.5433041212338852,0.848295214354811,1.3179297995770591,0.6831392214824563,0.4419501855025214,1.495154133457148,1.3545574654793022,16.700883626460158,True
2026-10-08,TRXUSDT,CURRENT_PROSPECTIVE_PIT,2026-10-08,2026-10-08 00:57:07.035967+00:00,https://pro-api.coinmarketcap.com/public-api/v1/cryptocurrency/map?listing_status=active&limit=150&sort=cmc_rank&aux=status,f5b775946e846169b14b0596eb3e018779555c7fec857fca4c19b98290fb3754,-0.005973715651135,-0.0220393770202762,-0.0177095631641086,0.0087905425886631,0.0072639225181596,-0.0005733596000603,-0.0173734540237208,-0.02634513987923,-0.0503722976717103,-0.0544727632736968,0.1074032952276283,0.1184610215511067,0.1672880374068839,0.3896953608444316,0.3797753170518925,0.1191051218119374,0.1477486280621594,17.14999881553978,True
2026-10-08,TUSDUSDT,CURRENT_PROSPECTIVE_PIT,2026-10-08,2026-10-08 00:57:07.035967+00:00,https://pro-api.coinmarketcap.com/public-api/v1/cryptocurrency/map?listing_status=active&limit=150&sort=cmc_rank&aux=status,f5b775946e846169b14b0596eb3e018779555c7fec857fca4c19b98290fb3754,-0.000699790062981,-0.0003999999999999,0.0,0.0030102347983143,0.0006006006006007,-0.0007235158719663,-0.0004121819536005,-4.317589119155269e-05,0.0031821164615508,0.0007863772739611,0.0036275422203009,0.0027939341415177,0.0069466362138046,0.1289467627000741,-0.0286918719559464,0.0009295148585446,-0.000463516582519,10.73617099892124,True
2026-10-08,TWTUSDT,CURRENT_PROSPECTIVE_PIT,2026-10-08,2026-10-08 00:57:07.035967+00:00,https://pro-api.coinmarketcap.com/public-api/v1/cryptocurrency/map?listing_status=active&limit=150&sort=cmc_rank&aux=status,f5b775946e846169b14b0596eb3e018779555c7fec857fca4c19b98290fb3754,-0.1528855889301383,-0.125130707563611,-0.1019677996422183,0.2974928922202118,0.4508670520231215,-0.132301521056395,-0.1066307864106598,-0.1370288757927915,0.0995678779803238,0.2083915831902568,0.6172883083116677,0.698696500244499,0.7863347792517242,0.5151073796756223,0.3939614833390876,0.9285730353735278,0.7204321485130052,13.55788138747896,True
2026-10-08,UNIUSDT,CURRENT_PROSPECTIVE_PIT,2026-10-08,2026-10-08 00:57:07.035967+00:00,https://pro-api.coinmarketcap.com/public-api/v1/cryptocurrency/map?listing_status=active&limit=150&sort=cmc_rank&aux=status,f5b775946e846169b14b0596eb3e018779555c7fec857fca4c19b98290fb3754,-0.207391739953245,-0.2220279720279719,0.0540340488527018,0.784908498370519,1.0204313280363224,-0.1691283958704719,-0.1902324245959106,-0.0089762635932572,0.3549758976561978,0.5142301392330421,0.8915506971747245,1.2405167968531716,1.1574210300120185,0.5274774491590665,0.5035724629811953,1.688248120107475,1.355455232097869,18.00526559185509,True
2026-10-08,USD1USDT,CURRENT_PROSPECTIVE_PIT,2026-10-08,2026-10-08 00:57:07.035967+00:00,https://pro-api.coinmarketcap.com/public-api/v1/cryptocurrency/map?listing_status=active&limit=150&sort=cmc_rank&aux=status,f5b775946e846169b14b0596eb3e018779555c7fec857fca4c19b98290fb3754,0.0002500850289097,0.0006104272991094,0.0001300286062932,-0.0006596240143118,3.000360043192707e-05,0.0002070204499804,0.0005747164359342,0.0001491068618682,0.0001440658521317,0.0009238509614818,0.0028064391460664,0.0028058660264676,0.0029064270147605,-0.3044927697377588,-0.1923120827690801,-0.0022043149377722,-0.0012998637386068,18.80979164009956,True
2026-10-08,USDCUSDT,CURRENT_PROSPECTIVE_PIT,2026-10-08,2026-10-08 00:57:07.035967+00:00,https://pro-api.coinmarketcap.com/public-api/v1/cryptocurrency/map?listing_status=active&limit=150&sort=cmc_rank&aux=status,f5b775946e846169b14b0596eb3e018779555c7fec857fca4c19b98290fb3754,0.0003298977317032,0.0003999040230344,0.0005999760009598,-1.998680870640701e-05,0.0001299337337956,0.0001661406926119,0.0002599652680175,0.0008339793888545,0.0014061602985814,0.0016475534581096,0.0036219500347141,0.0040445525229389,0.0035797188339787,-0.6526771799823737,-0.5579446377539717,-0.0068108079830198,-0.0046448517860494,21.84428245191704,True
2026-10-08,USDEUSDT,CURRENT_PROSPECTIVE_PIT,2026-10-08,2026-10-08 00:57:07.035967+00:00,https://pro-api.coinmarketcap.com/public-api/v1/cryptocurrency/map?listing_status=active&limit=150&sort=cmc_rank&aux=status,f5b775946e846169b14b0596eb3e018779555c7fec857fca4c19b98290fb3754,0.0003000300030002,0.0,0.0001999999999999,-0.0003997601439136,0.0003000300030002,0.0002007817511705,-8.293277055905694e-05,0.0002347369882437,0.0003327093520963,0.0010596782674321,0.0038934071949466,0.0039481137489961,0.0034792217275451,-0.3121951419650398,-0.347080150557236,-0.003180134774305,-0.0028083014212522,13.89037158890875,True
2026-10-08,UUSDT,CURRENT_PROSPECTIVE_PIT,2026-10-08,2026-10-08 00:57:07.035967+00:00,https://pro-api.coinmarketcap.com/public-api/v1/cryptocurrency/map?listing_status=active&limit=150&sort=cmc_rank&aux=status,f5b775946e846169b14b0596eb3e018779555c7fec857fca4c19b98290fb3754,0.0005001500450134,0.0005001500450134,0.0009006304413088,-9.997000899730768e-05,-0.0001999200319872,0.0003795392421753,0.0003995876413254,0.0009934768001316,0.000847875593399,0.0007923416298793,0.0049493717682265,0.0044358278789755,0.0038616605275287,-0.4009751794308827,-0.4092482790868999,-0.0045890406521222,-0.0036752999663604,16.991380268510213,True
2026-10-08,VETUSDT,CURRENT_PROSPECTIVE_PIT,2026-10-08,2026-10-08 00:57:07.035967+00:00,https://pro-api.coinmarketcap.com/public-api/v1/cryptocurrency/map?listing_status=active&limit=150&sort=cmc_rank&aux=status,f5b775946e846169b14b0596eb3e018779555c7fec857fca4c19b98290fb3754,-0.1429381735677821,-0.1857958831770665,-0.0630038447228079,0.6040339702760087,0.5868515017853393,-0.1039097052759877,-0.1544817461153589,-0.1015025571534421,0.2655703217769733,0.2347856450331352,0.5343838234389524,0.8967388812194651,0.9267376472935472,0.6357693974731821,0.576830137321258,1.4709413218673442,1.2431873557570383,14.43987412467879,True
2026-10-08,VIRTUALUSDT,CURRENT_PROSPECTIVE_PIT,2026-10-08,2026-10-08 00:57:07.035967+00:00,https://pro-api.coinmarketcap.com/public-api/v1/cryptocurrency/map?listing_status=active&limit=150&sort=cmc_rank&aux=status,f5b775946e846169b14b0596eb3e018779555c7fec857fca4c19b98290fb3754,-0.097408400357462,-0.0512614063338701,-0.0098039215686274,0.2663442593587675,0.1546627470194348,-0.0489687740046111,-0.0077617336796845,-0.0710629096380966,-0.1079516668628234,-0.2085424621358542,1.011659708059146,0.9589206712768716,0.946193335401883,0.615742255440995,0.6515025170458315,1.5233909361516982,1.4335994260035665,15.751167612193404,True
2026-10-08,WIFUSDT,CURRENT_PROSPECTIVE_PIT,2026-10-08,2026-10-08 00:57:07.035967+00:00,https://pro-api.coinmarketcap.com/public-api/v1/cryptocurrency/map?listing_status=active&limit=150&sort=cmc_rank&aux=status,f5b775946e846169b14b0596eb3e018779555c7fec857fca4c19b98290fb3754,-0.1688051323175621,-0.1249472351203039,-0.0230914231856738,0.4619181946403385,0.3478543563068923,-0.1024994066902477,-0.0664119153194904,-0.0841755197169533,0.1414791124610048,0.037398798459995,0.8298394351525133,1.1495224724518829,1.088345810352356,0.8523773237006431,0.8342267890279297,2.528011712188682,2.1114600926097524,14.75658529565407,True
2026-10-08,WLDUSDT,CURRENT_PROSPECTIVE_PIT,2026-10-08,2026-10-08 00:57:07.035967+00:00,https://pro-api.coinmarketcap.com/public-api/v1/cryptocurrency/map?listing_status=active&limit=150&sort=cmc_rank&aux=status,f5b775946e846169b14b0596eb3e018779555c7fec857fca4c19b98290fb3754,-0.0523508494666139,0.0899795501022495,0.0591742106425259,0.5335677749360612,0.2574049803407601,-0.0091312319276502,0.131337641453162,-0.0055592432597545,0.154240098473268,-0.0828622413384491,1.3911118931863051,1.279899256638529,1.159752761494094,0.4826802668548815,0.4696734628422274,1.5939146392230832,1.2667568859473448,17.519148117638938,True
2026-10-08,WLFIUSDT,CURRENT_PROSPECTIVE_PIT,2026-10-08,2026-10-08 00:57:07.035967+00:00,https://pro-api.coinmarketcap.com/public-api/v1/cryptocurrency/map?listing_status=active&limit=150&sort=cmc_rank&aux=status,f5b775946e846169b14b0596eb3e018779555c7fec857fca4c19b98290fb3754,-0.0214285714285714,-0.0300884955752211,-0.0231729055258466,0.0300751879699248,-0.0584192439862543,-0.0100186321235411,-0.020734464619027,-0.0351528146430328,0.0243523565564283,-0.069055740250731,0.3044767059766188,0.408830508796967,0.4225329759614692,0.2650135931737387,0.3283487292625944,0.279538207686297,0.3226471134967014,15.633190748830089,True
2026-10-08,XAUTUSDT,CURRENT_PROSPECTIVE_PIT,2026-10-08,2026-10-08 00:57:07.035967+00:00,https://pro-api.coinmarketcap.com/public-api/v1/cryptocurrency/map?listing_status=active&limit=150&sort=cmc_rank&aux=status,f5b775946e846169b14b0596eb3e018779555c7fec857fca4c19b98290fb3754,-0.0101131545106436,-0.0283949342855399,-0.0479655172413792,-0.040596860021452,0.007745430123226,0.0007810568016902,-0.0195161162417252,-0.0647181633957087,-0.1330299371760688,-0.0974593117403107,0.2103759006259647,0.1869570903032046,0.2244525657800798,0.3191236001249929,0.5528452910744719,0.1539325952374528,0.2885758774594136,16.998631159794535,True
2026-10-08,XLMUSDT,CURRENT_PROSPECTIVE_PIT,2026-10-08,2026-10-08 00:57:07.035967+00:00,https://pro-api.coinmarketcap.com/public-api/v1/cryptocurrency/map?listing_status=active&limit=150&sort=cmc_rank&aux=status,f5b775946e846169b14b0596eb3e018779555c7fec857fca4c19b98290fb3754,-0.1232314011866727,-0.1175930179145613,0.0234416622269577,0.1807006760909648,0.0073413738856842,-0.0780363957077635,-0.078678196435018,-0.0341928374267853,-0.0725114458355402,-0.2125890396423666,0.6843034864935605,0.8483204921392512,0.7770069845510958,0.6792071829789463,0.7487327136845485,1.4865925655511254,1.3529556706661228,16.882692688259716,True
2026-10-08,XPLUSDT,CURRENT_PROSPECTIVE_PIT,2026-10-08,2026-10-08 00:57:07.035967+00:00,https://pro-api.coinmarketcap.com/public-api/v1/cryptocurrency/map?listing_status=active&limit=150&sort=cmc_rank&aux=status,f5b775946e846169b14b0596eb3e018779555c7fec857fca4c19b98290fb3754,-0.1289115292649962,-0.2439772624740593,-0.1480427046263345,0.0927230046948357,-0.0887438825448613,-0.0750461110643744,-0.2044184921706913,-0.201505334302193,-0.185195511621725,-0.3420252793298403,0.6012147753974052,1.1677993064275296,1.1216880194048875,0.5132764268521387,0.6130371137617157,1.5464976355663975,1.5991554587692691,16.201447194427693,True
2026-10-08,XRPUSDT,CURRENT_PROSPECTIVE_PIT,2026-10-08,2026-10-08 00:57:07.035967+00:00,https://pro-api.coinmarketcap.com/public-api/v1/cryptocurrency/map?listing_status=active&limit=150&sort=cmc_rank&aux=status,f5b775946e846169b14b0596eb3e018779555c7fec857fca4c19b98290fb3754,-0.0759086953611352,-0.1005342715663277,-0.025827393973608,0.3404214001359356,0.2497736737280464,-0.017401210174628,-0.0525665776493666,-0.0968551580877301,0.0008868321589347,-0.0789741058664523,0.368783351717929,0.7005162595763484,0.7897814084966852,0.8829684680222483,0.8928476098639765,1.595853950784067,1.639895153389079,19.288092715247675,True
2026-10-08,XTZUSDT,CURRENT_PROSPECTIVE_PIT,2026-10-08,2026-10-08 00:57:07.035967+00:00,https://pro-api.coinmarketcap.com/public-api/v1/cryptocurrency/map?listing_status=active&limit=150&sort=cmc_rank&aux=status,f5b775946e846169b14b0596eb3e018779555c7fec857fca4c19b98290fb3754,-0.1129180730285364,-0.1279034690799396,0.157325860688551,0.4290657439446368,0.2255192878338279,-0.0779674373686588,-0.0984159615372646,0.0962828219693848,0.0972543035997273,-0.0747070704731577,0.6199068611945823,1.1964316436018567,0.9380131692132048,0.4306150284851575,0.5018710108602282,1.3292504068917552,1.094795193610383,13.82767187697381,True
2026-10-08,ZAMAUSDT,CURRENT_PROSPECTIVE_PIT,2026-10-08,2026-10-08 00:57:07.035967+00:00,https://pro-api.coinmarketcap.com/public-api/v1/cryptocurrency/map?listing_status=active&limit=150&sort=cmc_rank&aux=status,f5b775946e846169b14b0596eb3e018779555c7fec857fca4c19b98290fb3754,-0.0389272230178363,-0.167474906958385,0.4522919535707259,0.6474001338986832,1.2022673031026252,0.0240864490168901,-0.1217043976704372,0.4096916818435821,0.5001962148530362,1.002580370974629,1.238186881633903,1.6875623070190084,1.4650697307168588,0.494872423967418,0.5027828659596292,2.1546800917562705,1.7130522144428375,15.514932076303287,True
2026-10-08,ZECUSDT,CURRENT_PROSPECTIVE_PIT,2026-10-08,2026-10-08 00:57:07.035967+00:00,https://pro-api.coinmarketcap.com/public-api/v1/cryptocurrency/map?listing_status=active&limit=150&sort=cmc_rank&aux=status,f5b775946e846169b14b0596eb3e018779555c7fec857fca4c19b98290fb3754,-0.1112192638294048,-0.2325070152978753,0.0078110407362754,1.3279923120673085,1.378178029771803,-0.0582222950579567,-0.1943015604952544,-0.0930733480602028,0.5184942115387324,0.4768536085394847,0.8974558561606433,1.3648173261671432,1.3886398517841108,0.3633700797106005,0.4998353415740276,1.2795386821999224,1.6141668378695788,19.533460629854822,True
2026-10-08,ZROUSDT,CURRENT_PROSPECTIVE_PIT,2026-10-08,2026-10-08 00:57:07.035967+00:00,https://pro-api.coinmarketcap.com/public-api/v1/cryptocurrency/map?listing_status=active&limit=150&sort=cmc_rank&aux=status,f5b775946e846169b14b0596eb3e018779555c7fec857fca4c19b98290fb3754,0.0892461197339247,0.365531619179986,0.7374005305039788,1.3392857142857144,1.1220302375809936,0.1184757475610768,0.3963102328703147,0.6529605411831118,0.9582653814510348,0.7426603241028994,1.303366703901957,1.1818412292930196,1.150912876890614,0.1148930495235329,0.305542669718321,0.3503342694027572,0.8177982068170526,16.36490852057946,True
2026-10-08,币安人生USDT,CURRENT_PROSPECTIVE_PIT,2026-10-08,2026-10-08 00:57:07.035967+00:00,https://pro-api.coinmarketcap.com/public-api/v1/cryptocurrency/map?listing_status=active&limit=150&sort=cmc_rank&aux=status,f5b775946e846169b14b0596eb3e018779555c7fec857fca4c19b98290fb3754,0.0266560572906304,0.0199604743083003,0.0185514110913755,-0.0050125313283209,-0.2331352154531947,0.0527964545484282,0.0425319998130653,0.0051617061673802,0.0071789719413942,-0.2294070728254591,0.5205658166418324,0.5417921459241496,0.8162196386818805,0.3932891251788845,0.318249334902534,0.5497615614691262,0.6040965846759425,14.03988130962801,True
