date,source_run_id,source_zip_sha256,prev_chain_sha256,chain_sha256
2026-08-14,31857524889,157326c18babf3bfa31bb4ce01c0a2a237a0f930ad98b044985913eed0e5bf00,0000000000000000000000000000000000000000000000000000000000000000,1a7d90c17b404b7376f7a58886676a42fb65f6dab578e16c723d706b4dbcd300
2026-08-15,31920701844,d7e20b768615b57989f289328ca808e61fa128f2b03a47faf89fd9a837636f0d,1a7d90c17b404b7376f7a58886676a42fb65f6dab578e16c723d706b4dbcd300,521052c61bdc58f8a772d99c8a51973fb808c90eeae5615ce577b4bbcbfaca78
2026-08-16,32024828624,f0a0a47b10777b04e721a1304130a592d916eb755016b06f032f2bc3503c417b,521052c61bdc58f8a772d99c8a51973fb808c90eeae5615ce577b4bbcbfaca78,98c2cab5cd671e24834a8983ea1f9e7869965193d5c351d3821a120fea077634
2026-08-17,32089595142,c2b41c5ed31ded4ab413ec5a82021b1b6be144172ca2160a3df5abc952fcf2b6,98c2cab5cd671e24834a8983ea1f9e7869965193d5c351d3821a120fea077634,53430420bd2e90ed0649aff8b84f0207016e355d25d3ff3997e5573986470703
2026-08-18,32206461867,9163dc5bcc123e5cf1f44c518f48e3f78636f087412b6a5fb949dbb05ad0e856,53430420bd2e90ed0649aff8b84f0207016e355d25d3ff3997e5573986470703,e6ff34bfb5d32fbae0740b2c596befdadec906d9e5d080ca38ec86d93fb1224d
2026-08-19,32322475337,d625b772ab099386fc2f5386fe6aadb8276ecef4e4ec5e08fce335afdd493005,e6ff34bfb5d32fbae0740b2c596befdadec906d9e5d080ca38ec86d93fb1224d,373a34afc90abe143b48abda57edda2ed52a45293cd85b68baf8659645b32a3c
2026-08-20,32438055428,e1e7801f0543c3b7c409939bdddf276557487a5c79eab9b575fcad02cab6e820,373a34afc90abe143b48abda57edda2ed52a45293cd85b68baf8659645b32a3c,917c50bf02ca9d35dd80d4192a2496ac083366c1756f18201b43eccef677d9db
2026-08-21,32544531997,5b32b2767b1dba969d43a517c6a3a718b058be637f1161bd0e00a4f02fb95114,917c50bf02ca9d35dd80d4192a2496ac083366c1756f18201b43eccef677d9db,64509f19008c9dd97dddf44c623c279930ef510570adb73f9207cfd5c38ef074
2026-08-22,32611665323,db6f5d899f65af331862ea8df713da8c9d101e943ea9f4c3f5bc9ca8a9bda2a9,64509f19008c9dd97dddf44c623c279930ef510570adb73f9207cfd5c38ef074,50ca706c6b21e624f85a9bc299f11c1e4f422ea62483987f19470865df4ad852
2026-08-23,32681408963,2340ce5d77049c6d4030ae46c4b7cd7841e4a8a7680e4b0716215f437bbc3913,50ca706c6b21e624f85a9bc299f11c1e4f422ea62483987f19470865df4ad852,bfd21b900224b925ba5c7e98569f6564feacb4a9d26a280f4dffd66a4d94f291
2026-08-24,32799146246,38f0b2ad779eba7cf78d9f432ba35ead1f8c86d28c461a52e50d2713866edc13,bfd21b900224b925ba5c7e98569f6564feacb4a9d26a280f4dffd66a4d94f291,5407e338dd9872ee24e94d3f6ea7510ca03bf381e7ab1899834fa8004a43ccc6
2026-08-25,32920908476,26ae9af8f2e409c67ca939d7718093086f2c66f1b2c01182d759a0776363def7,5407e338dd9872ee24e94d3f6ea7510ca03bf381e7ab1899834fa8004a43ccc6,17952195cb6122b38e3217cb07bd9e6076f565ac9c3374d24f2b773e57cdf09f
2026-08-26,33060053572,cbfdc185a146be7fd93392936d8971ea07d3284f09e19330ac81f574db8454fe,17952195cb6122b38e3217cb07bd9e6076f565ac9c3374d24f2b773e57cdf09f,b451565beb9c222dea6dc64d00395afa9b2ba0970902b36891fc727653aaca36
2026-08-27,33166852936,439f29524ba3ec49fe94bd2e362058ab8667b59800dd73d6fcf923c006e6dc32,b451565beb9c222dea6dc64d00395afa9b2ba0970902b36891fc727653aaca36,9d731bedefaa0b3e463b72809a694268540c04b6f264e2f90ae6c53b1e366e32
2026-08-28,33239920511,446b1a7af0c908db2e1c54f2df87864a1628ace970bde4d0fa23b6ff1b941aa5,9d731bedefaa0b3e463b72809a694268540c04b6f264e2f90ae6c53b1e366e32,d0e429b2bffad7039c7905f4efed1e2808e3adfdb3dacd3340d54218c14e12f8
2026-08-29,33294550540,29982663ee0cc923f00af51582edfb9d9a6fe8a11e77405bec4c94a21835d2d5,d0e429b2bffad7039c7905f4efed1e2808e3adfdb3dacd3340d54218c14e12f8,c3bf65d641076d270ac81bbe450c122c02f6816bf055f61efb251934d5931185
2026-08-30,33360883070,2e88dd16808ced54672b21de9a228663a68b0356df07cb892c072676b8112052,c3bf65d641076d270ac81bbe450c122c02f6816bf055f61efb251934d5931185,5e17292b26e21a9826edbdd77f14da7db2c72cbc0604d0006773ea25f40160cd
2026-08-31,33472276463,b12bcfb6e63a1b57bf1594c0e1ead648b2e7b7361407cd3b4ec4cbb6180f4318,5e17292b26e21a9826edbdd77f14da7db2c72cbc0604d0006773ea25f40160cd,e0b53bd93755d51aec031218d87e6327ae6fd7d5271ebe6c3270c991e13c7a1a
2026-09-01,33591124479,9afb1bb6d3c561468edaf19e90465f1f128dee9245042a97ec09b13804935306,e0b53bd93755d51aec031218d87e6327ae6fd7d5271ebe6c3270c991e13c7a1a,36e3fd6337bbfa69eab32f0ebbcf7eb27e876b5caea127706240fd6d049c4843
2026-09-02,33714746536,4ff281da61efe7407cc71bd15984ecb3707769041daae3c1d8ad6247c8c32371,36e3fd6337bbfa69eab32f0ebbcf7eb27e876b5caea127706240fd6d049c4843,4334664d3fd1ed8c65e20b70413d26cc12648c85423a13de2b46e13c871df249
2026-09-03,33837068826,6da608dfa4bb6fc9b4a914a68ccee790a95753bf513698a2f34a767ce96b4af5,4334664d3fd1ed8c65e20b70413d26cc12648c85423a13de2b46e13c871df249,04749370ecb8916a6e5d7cbd6ec1f6e044349e883f85386ee91b7c3d9f120254
2026-09-04,33944536398,9a37fbd1dcd2d434bff0185b1ee362568f5e7daf9d3b8aa5bd670f8b3c02ce26,04749370ecb8916a6e5d7cbd6ec1f6e044349e883f85386ee91b7c3d9f120254,21e638811850ad3d78ec1dbf6bbe910fcb30d070335de975452015bd4337160a
2026-09-05,34011930549,e72411bef1a5d58aadb4e53b996827a55aa026681d8a391d2cda2f25d381afc9,21e638811850ad3d78ec1dbf6bbe910fcb30d070335de975452015bd4337160a,29e6b0ec39b1b707ae6065a38f56e15d2ec23ee8ec6b35e223a419e273fec3f2
2026-09-06,34083879732,0027787286b5980406ed4f15f3a042fb58ba9f5c988aeecedc4e2ecbb5422d1a,29e6b0ec39b1b707ae6065a38f56e15d2ec23ee8ec6b35e223a419e273fec3f2,6bdaaac6c693da35333266b52a8d1aea315575b940d9fd5be799d8b7f1a9ad9e
2026-09-07,34187408288,751aefd8bacf9343aa30d3689fbd2a745d5bc317b03b920988eb864b15636ea4,6bdaaac6c693da35333266b52a8d1aea315575b940d9fd5be799d8b7f1a9ad9e,8f3771f0803d1bd7d54111e29e07f87a04aec58d0999a532bbdde1031ff4cf2b
2026-09-08,34323454513,cb684053e833bdb1f73da4caf7dcdafaed0da4e8c2cbb677a0e9d6ab2942ca94,8f3771f0803d1bd7d54111e29e07f87a04aec58d0999a532bbdde1031ff4cf2b,76c12585bcb41ce2bd9276220234b4d8fbe32fa246e6a5f8d6e1acc8b84b21c9
2026-09-09,34449199835,2d1400233bd220ab02fc8a4ac038ac871163feafefd93b04e691d3375b6e2eb6,76c12585bcb41ce2bd9276220234b4d8fbe32fa246e6a5f8d6e1acc8b84b21c9,353c144a681a7e671b137409dd9e75e4dd86eaad67ef4cb8391fec81ab7b9ebd
2026-09-10,34595758428,0de81a1cf2a69e6bbec58ac86bc1a308b19c8e9355fba8ff2ba55f8d6ac6e5f6,353c144a681a7e671b137409dd9e75e4dd86eaad67ef4cb8391fec81ab7b9ebd,4da49bbacde8069ef51d51bb78eccb7c07ba4631dabe9519b7097198197768ed
2026-09-11,34673266523,b44ba367aa232958f3cd6d2bfab14bb8a417e27c1b9aa00a1a2b6ff9a7b1124d,4da49bbacde8069ef51d51bb78eccb7c07ba4631dabe9519b7097198197768ed,5a85c904c3ffb35d0c8a6353879f2be994800abade7538f2f6903e8832517de6
2026-09-12,34738631912,d95f36020b7af7ae46aae04334e6f16efb97baef3833e180883e2f537b7260ee,5a85c904c3ffb35d0c8a6353879f2be994800abade7538f2f6903e8832517de6,43d305b144408c5d763eea21d9a34a2a9b89dfc780fd4277c1557511b5f01836
2026-09-13,34807686971,1b4550c6bb16e95281320e085e40dbdd056d71e72f0142e7030a2a5f5dbcea58,43d305b144408c5d763eea21d9a34a2a9b89dfc780fd4277c1557511b5f01836,083242f3caadebb29b3f9001cb28ee8af0fe3ab0360f69ae65f5e918a327e065
2026-09-14,34943084063,a40e0293fb03541c6dec3b1546e3da4b9c4ba580a801b6699c26c3577d8b0984,083242f3caadebb29b3f9001cb28ee8af0fe3ab0360f69ae65f5e918a327e065,5658eaeb8ec1e75fe8cf3f4ea437611f2c901591a19228cf4a24d186e4504581
2026-09-15,35056950076,067b90bc3b639e5e89903732bd93fe35f0f073897f9e799c4d0ef683b868bc12,5658eaeb8ec1e75fe8cf3f4ea437611f2c901591a19228cf4a24d186e4504581,b40de528a559ceaf645dbfe38219b2088b3c004532f9e3ebfd2132faee7e8bd0
2026-09-16,35183449047,a4b3d15beb515fe84a76fd353938c082f9c88f8ade693841fbc7cec3bb412a71,b40de528a559ceaf645dbfe38219b2088b3c004532f9e3ebfd2132faee7e8bd0,60804ea113cba89b0d7f4ce49cd0c28248ee6ded239b4ed2465b76df38d9ad59
2026-09-17,35307914124,f72ba8db6fc88cb10385e9af5b2ae8780cc700023eb22370e5216b267eccf2a7,60804ea113cba89b0d7f4ce49cd0c28248ee6ded239b4ed2465b76df38d9ad59,f7100c7424d7c0e964e84877d97a10395ed912eb5ce9dbeda5c9a4d11d6f0dc5
2026-09-18,35445869089,d962105ad75fc522b79d8f0a8de5fbcd5efc497d0ed53711020d8818dd467a50,f7100c7424d7c0e964e84877d97a10395ed912eb5ce9dbeda5c9a4d11d6f0dc5,43692cc44a02fbbbbbcfc5f29fbae2d1e4d1e7fd2eca748ab993afb4b555ca23
2026-09-19,35669466550,ab577b6a8faf085dc9267f11ad196edb0d1f22c3af2dd37a47c154e4877ebba4,43692cc44a02fbbbbbcfc5f29fbae2d1e4d1e7fd2eca748ab993afb4b555ca23,5104caf87bd6a199ef70aa91aa0a4262ceaaebc0909568181718834873c316d4
2026-09-20,35670077532,4f03c35bec293149c11c6cf4215db14e50a85ab91d827a238d524f39b9c48293,5104caf87bd6a199ef70aa91aa0a4262ceaaebc0909568181718834873c316d4,d25e925accf67a5a64ad30dabe93bb175adfbe3d7be389a89fbe533e5290e875
2026-09-21,35670707670,838be6adfdb1d433f17a82c4ffb759db57b3bd77469c15315daf4f0d1864a87f,d25e925accf67a5a64ad30dabe93bb175adfbe3d7be389a89fbe533e5290e875,7c0d4fb243d1c73d1fff1700e2d211428e4002e20a453e5643148e3569a02f13
2026-09-22,35819477842,608aac2f37c91d2a343636f1984dc97912be74ae47801e7ab2f68a59c945b5f3,7c0d4fb243d1c73d1fff1700e2d211428e4002e20a453e5643148e3569a02f13,7fae15facca9d5d2c35ff2bf86fc1c15a1eb161a6c3f6c2a56f3a6f683135ca3
2026-09-23,35957180613,1448a5f7465738b7e9f4fd0c441f443c9d3949a4f1ecb78f162671b769301c1d,7fae15facca9d5d2c35ff2bf86fc1c15a1eb161a6c3f6c2a56f3a6f683135ca3,870b710cb316ca0a02e06b82a188f9db79beb3b5d6d675ad91033ddc8f489048
2026-09-24,36096417206,016fa68d3dc5291c50cd6c5d3f9e95e95ed85bf658553cd66d48d56f82f6be8f,870b710cb316ca0a02e06b82a188f9db79beb3b5d6d675ad91033ddc8f489048,015b2815f0c4fbcecbdfd6db67d8adcf5fa4e55af24fb4145b85aab7443e6a2f
2026-09-25,36219297619,11e8247c304fc6a3ee5eaa63eabc7f9e4eb0e8f1366d6bee351e1094ac81ba1d,015b2815f0c4fbcecbdfd6db67d8adcf5fa4e55af24fb4145b85aab7443e6a2f,b4c3b418c0198b30d63195903314a5adb1015cc30bf1bd94b60cf9e137b42784
