date,strategy,symbol,side,signed_weight,entry_price,best_price,funding_rate_daily,funding_model
2026-09-08,V12_LS_50_50,APR,SHORT,-0.05,0.1889,0.1755,0.0011094145344746002,OBSERVED_PER_PINNED_VENUE_SUMMED_TO_THE_UTC_DAY_OF_SETTLEMENT
2026-09-08,V12_LS_50_50,ARB,LONG,0.05,0.16938,0.1787,0.0002728146476364,OBSERVED_PER_PINNED_VENUE_SUMMED_TO_THE_UTC_DAY_OF_SETTLEMENT
2026-09-08,V12_LS_50_50,BEAT,SHORT,-0.05,0.1319,0.1247,0.0014676379464034,OBSERVED_PER_PINNED_VENUE_SUMMED_TO_THE_UTC_DAY_OF_SETTLEMENT
2026-09-08,V12_LS_50_50,BILL,SHORT,-0.05,0.01517,0.01403,0.00030000000000000003,OBSERVED_PER_PINNED_VENUE_SUMMED_TO_THE_UTC_DAY_OF_SETTLEMENT
2026-09-08,V12_LS_50_50,CAP,SHORT,-0.05,0.0466,0.04458,0.00030000000000000003,OBSERVED_PER_PINNED_VENUE_SUMMED_TO_THE_UTC_DAY_OF_SETTLEMENT
2026-09-08,V12_LS_50_50,DASH,LONG,0.05,62.84,65.04,0.00030000000000000003,OBSERVED_PER_PINNED_VENUE_SUMMED_TO_THE_UTC_DAY_OF_SETTLEMENT
2026-09-08,V12_LS_50_50,HOME,SHORT,-0.05,0.006045,0.005875,0.00018861736204630003,OBSERVED_PER_PINNED_VENUE_SUMMED_TO_THE_UTC_DAY_OF_SETTLEMENT
2026-09-08,V12_LS_50_50,JTO,SHORT,-0.05,0.4427,0.4278,0.00030000000000000003,OBSERVED_PER_PINNED_VENUE_SUMMED_TO_THE_UTC_DAY_OF_SETTLEMENT
2026-09-08,V12_LS_50_50,LAB,SHORT,-0.05,0.06985,0.06754,0.0010043044364377,OBSERVED_PER_PINNED_VENUE_SUMMED_TO_THE_UTC_DAY_OF_SETTLEMENT
2026-09-08,V12_LS_50_50,LIT,LONG,0.05,4.718,4.9306,0.00010961241851360002,OBSERVED_PER_PINNED_VENUE_SUMMED_TO_THE_UTC_DAY_OF_SETTLEMENT
2026-09-08,V12_LS_50_50,MUBARAK,LONG,0.05,0.029892,0.03063,0.0010166366427902,OBSERVED_PER_PINNED_VENUE_SUMMED_TO_THE_UTC_DAY_OF_SETTLEMENT
2026-09-08,V12_LS_50_50,PAXG,SHORT,-0.05,4421.3,4345.6,0.00011071080000000002,OBSERVED_PER_PINNED_VENUE_SUMMED_TO_THE_UTC_DAY_OF_SETTLEMENT
2026-09-08,V12_LS_50_50,TRIA,SHORT,-0.05,0.004378,0.004057,0.0008019759381867001,OBSERVED_PER_PINNED_VENUE_SUMMED_TO_THE_UTC_DAY_OF_SETTLEMENT
2026-09-08,V12_LS_50_50,UNI,LONG,0.05,6.854,7.192,0.0001958141467787,OBSERVED_PER_PINNED_VENUE_SUMMED_TO_THE_UTC_DAY_OF_SETTLEMENT
2026-09-08,V12_LS_50_50,USELESS,LONG,0.05,0.23035,0.31285,0.00030000000000000003,OBSERVED_PER_PINNED_VENUE_SUMMED_TO_THE_UTC_DAY_OF_SETTLEMENT
2026-09-08,V12_LS_50_50,ZEC,LONG,0.05,1139.94,1211.75,0.0001050799686851,OBSERVED_PER_PINNED_VENUE_SUMMED_TO_THE_UTC_DAY_OF_SETTLEMENT
2026-09-08,V12_LS_50_50_StopVol,APR,SHORT,-0.005083325351500661,0.1889,0.1755,0.0011094145344746002,OBSERVED_PER_PINNED_VENUE_SUMMED_TO_THE_UTC_DAY_OF_SETTLEMENT
2026-09-08,V12_LS_50_50_StopVol,ARB,LONG,0.019896885884407134,0.16938,0.1787,0.0002728146476364,OBSERVED_PER_PINNED_VENUE_SUMMED_TO_THE_UTC_DAY_OF_SETTLEMENT
2026-09-08,V12_LS_50_50_StopVol,BEAT,SHORT,-0.011318504908182812,0.1319,0.1247,0.0014676379464034,OBSERVED_PER_PINNED_VENUE_SUMMED_TO_THE_UTC_DAY_OF_SETTLEMENT
2026-09-08,V12_LS_50_50_StopVol,BILL,SHORT,-0.05,0.01517,0.01403,0.00030000000000000003,OBSERVED_PER_PINNED_VENUE_SUMMED_TO_THE_UTC_DAY_OF_SETTLEMENT
2026-09-08,V12_LS_50_50_StopVol,CAP,SHORT,-0.021915945930067793,0.0466,0.04458,0.00030000000000000003,OBSERVED_PER_PINNED_VENUE_SUMMED_TO_THE_UTC_DAY_OF_SETTLEMENT
2026-09-08,V12_LS_50_50_StopVol,DASH,LONG,0.02487377140461737,62.84,65.04,0.00030000000000000003,OBSERVED_PER_PINNED_VENUE_SUMMED_TO_THE_UTC_DAY_OF_SETTLEMENT
2026-09-08,V12_LS_50_50_StopVol,HOME,SHORT,-0.04085369201315331,0.006045,0.005875,0.00018861736204630003,OBSERVED_PER_PINNED_VENUE_SUMMED_TO_THE_UTC_DAY_OF_SETTLEMENT
2026-09-08,V12_LS_50_50_StopVol,JTO,SHORT,-0.035190754722415764,0.4427,0.4278,0.00030000000000000003,OBSERVED_PER_PINNED_VENUE_SUMMED_TO_THE_UTC_DAY_OF_SETTLEMENT
2026-09-08,V12_LS_50_50_StopVol,LAB,SHORT,-0.036292892109600704,0.06985,0.06754,0.0010043044364377,OBSERVED_PER_PINNED_VENUE_SUMMED_TO_THE_UTC_DAY_OF_SETTLEMENT
2026-09-08,V12_LS_50_50_StopVol,LIT,LONG,0.033499510186954684,4.718,4.9306,0.00010961241851360002,OBSERVED_PER_PINNED_VENUE_SUMMED_TO_THE_UTC_DAY_OF_SETTLEMENT
2026-09-08,V12_LS_50_50_StopVol,MUBARAK,LONG,0.013015496094329476,0.029892,0.03063,0.0010166366427902,OBSERVED_PER_PINNED_VENUE_SUMMED_TO_THE_UTC_DAY_OF_SETTLEMENT
2026-09-08,V12_LS_50_50_StopVol,PAXG,SHORT,-0.05,4421.3,4345.6,0.00011071080000000002,OBSERVED_PER_PINNED_VENUE_SUMMED_TO_THE_UTC_DAY_OF_SETTLEMENT
2026-09-08,V12_LS_50_50_StopVol,TRIA,SHORT,-0.020432621326194056,0.004378,0.004057,0.0008019759381867001,OBSERVED_PER_PINNED_VENUE_SUMMED_TO_THE_UTC_DAY_OF_SETTLEMENT
2026-09-08,V12_LS_50_50_StopVol,UNI,LONG,0.03496895732740066,6.854,7.192,0.0001958141467787,OBSERVED_PER_PINNED_VENUE_SUMMED_TO_THE_UTC_DAY_OF_SETTLEMENT
2026-09-08,V12_LS_50_50_StopVol,USELESS,LONG,0.011746083217904824,0.23035,0.31285,0.00030000000000000003,OBSERVED_PER_PINNED_VENUE_SUMMED_TO_THE_UTC_DAY_OF_SETTLEMENT
2026-09-08,V12_LS_50_50_StopVol,ZEC,LONG,0.025393466495396567,1139.94,1211.75,0.0001050799686851,OBSERVED_PER_PINNED_VENUE_SUMMED_TO_THE_UTC_DAY_OF_SETTLEMENT
2026-09-08,V12_LS_70_30,APR,SHORT,-0.03,0.1889,0.1755,0.0011094145344746002,OBSERVED_PER_PINNED_VENUE_SUMMED_TO_THE_UTC_DAY_OF_SETTLEMENT
2026-09-08,V12_LS_70_30,ARB,LONG,0.06999999999999999,0.16938,0.1787,0.0002728146476364,OBSERVED_PER_PINNED_VENUE_SUMMED_TO_THE_UTC_DAY_OF_SETTLEMENT
2026-09-08,V12_LS_70_30,BEAT,SHORT,-0.03,0.1319,0.1247,0.0014676379464034,OBSERVED_PER_PINNED_VENUE_SUMMED_TO_THE_UTC_DAY_OF_SETTLEMENT
2026-09-08,V12_LS_70_30,BILL,SHORT,-0.03,0.01517,0.01403,0.00030000000000000003,OBSERVED_PER_PINNED_VENUE_SUMMED_TO_THE_UTC_DAY_OF_SETTLEMENT
2026-09-08,V12_LS_70_30,CAP,SHORT,-0.03,0.0466,0.04458,0.00030000000000000003,OBSERVED_PER_PINNED_VENUE_SUMMED_TO_THE_UTC_DAY_OF_SETTLEMENT
2026-09-08,V12_LS_70_30,DASH,LONG,0.06999999999999999,62.84,65.04,0.00030000000000000003,OBSERVED_PER_PINNED_VENUE_SUMMED_TO_THE_UTC_DAY_OF_SETTLEMENT
2026-09-08,V12_LS_70_30,HOME,SHORT,-0.03,0.006045,0.005875,0.00018861736204630003,OBSERVED_PER_PINNED_VENUE_SUMMED_TO_THE_UTC_DAY_OF_SETTLEMENT
2026-09-08,V12_LS_70_30,JTO,SHORT,-0.03,0.4427,0.4278,0.00030000000000000003,OBSERVED_PER_PINNED_VENUE_SUMMED_TO_THE_UTC_DAY_OF_SETTLEMENT
2026-09-08,V12_LS_70_30,LAB,SHORT,-0.03,0.06985,0.06754,0.0010043044364377,OBSERVED_PER_PINNED_VENUE_SUMMED_TO_THE_UTC_DAY_OF_SETTLEMENT
2026-09-08,V12_LS_70_30,LIT,LONG,0.06999999999999999,4.718,4.9306,0.00010961241851360002,OBSERVED_PER_PINNED_VENUE_SUMMED_TO_THE_UTC_DAY_OF_SETTLEMENT
2026-09-08,V12_LS_70_30,MUBARAK,LONG,0.06999999999999999,0.029892,0.03063,0.0010166366427902,OBSERVED_PER_PINNED_VENUE_SUMMED_TO_THE_UTC_DAY_OF_SETTLEMENT
2026-09-08,V12_LS_70_30,PAXG,SHORT,-0.03,4421.3,4345.6,0.00011071080000000002,OBSERVED_PER_PINNED_VENUE_SUMMED_TO_THE_UTC_DAY_OF_SETTLEMENT
2026-09-08,V12_LS_70_30,TRIA,SHORT,-0.03,0.004378,0.004057,0.0008019759381867001,OBSERVED_PER_PINNED_VENUE_SUMMED_TO_THE_UTC_DAY_OF_SETTLEMENT
2026-09-08,V12_LS_70_30,UNI,LONG,0.06999999999999999,6.854,7.192,0.0001958141467787,OBSERVED_PER_PINNED_VENUE_SUMMED_TO_THE_UTC_DAY_OF_SETTLEMENT
2026-09-08,V12_LS_70_30,USELESS,LONG,0.06999999999999999,0.23035,0.31285,0.00030000000000000003,OBSERVED_PER_PINNED_VENUE_SUMMED_TO_THE_UTC_DAY_OF_SETTLEMENT
2026-09-08,V12_LS_70_30,ZEC,LONG,0.06999999999999999,1139.94,1211.75,0.0001050799686851,OBSERVED_PER_PINNED_VENUE_SUMMED_TO_THE_UTC_DAY_OF_SETTLEMENT
2026-09-08,V12_LS_70_30_StopVol,APR,SHORT,-0.003049995210900396,0.1889,0.1755,0.0011094145344746002,OBSERVED_PER_PINNED_VENUE_SUMMED_TO_THE_UTC_DAY_OF_SETTLEMENT
2026-09-08,V12_LS_70_30_StopVol,ARB,LONG,0.02785564023816998,0.16938,0.1787,0.0002728146476364,OBSERVED_PER_PINNED_VENUE_SUMMED_TO_THE_UTC_DAY_OF_SETTLEMENT
2026-09-08,V12_LS_70_30_StopVol,BEAT,SHORT,-0.006791102944909686,0.1319,0.1247,0.0014676379464034,OBSERVED_PER_PINNED_VENUE_SUMMED_TO_THE_UTC_DAY_OF_SETTLEMENT
2026-09-08,V12_LS_70_30_StopVol,BILL,SHORT,-0.03,0.01517,0.01403,0.00030000000000000003,OBSERVED_PER_PINNED_VENUE_SUMMED_TO_THE_UTC_DAY_OF_SETTLEMENT
2026-09-08,V12_LS_70_30_StopVol,CAP,SHORT,-0.013149567558040675,0.0466,0.04458,0.00030000000000000003,OBSERVED_PER_PINNED_VENUE_SUMMED_TO_THE_UTC_DAY_OF_SETTLEMENT
2026-09-08,V12_LS_70_30_StopVol,DASH,LONG,0.03482327996646432,62.84,65.04,0.00030000000000000003,OBSERVED_PER_PINNED_VENUE_SUMMED_TO_THE_UTC_DAY_OF_SETTLEMENT
2026-09-08,V12_LS_70_30_StopVol,HOME,SHORT,-0.024512215207891985,0.006045,0.005875,0.00018861736204630003,OBSERVED_PER_PINNED_VENUE_SUMMED_TO_THE_UTC_DAY_OF_SETTLEMENT
2026-09-08,V12_LS_70_30_StopVol,JTO,SHORT,-0.021114452833449458,0.4427,0.4278,0.00030000000000000003,OBSERVED_PER_PINNED_VENUE_SUMMED_TO_THE_UTC_DAY_OF_SETTLEMENT
2026-09-08,V12_LS_70_30_StopVol,LAB,SHORT,-0.02177573526576042,0.06985,0.06754,0.0010043044364377,OBSERVED_PER_PINNED_VENUE_SUMMED_TO_THE_UTC_DAY_OF_SETTLEMENT
2026-09-08,V12_LS_70_30_StopVol,LIT,LONG,0.046899314261736554,4.718,4.9306,0.00010961241851360002,OBSERVED_PER_PINNED_VENUE_SUMMED_TO_THE_UTC_DAY_OF_SETTLEMENT
2026-09-08,V12_LS_70_30_StopVol,MUBARAK,LONG,0.018221694532061263,0.029892,0.03063,0.0010166366427902,OBSERVED_PER_PINNED_VENUE_SUMMED_TO_THE_UTC_DAY_OF_SETTLEMENT
2026-09-08,V12_LS_70_30_StopVol,PAXG,SHORT,-0.03,4421.3,4345.6,0.00011071080000000002,OBSERVED_PER_PINNED_VENUE_SUMMED_TO_THE_UTC_DAY_OF_SETTLEMENT
2026-09-08,V12_LS_70_30_StopVol,TRIA,SHORT,-0.012259572795716434,0.004378,0.004057,0.0008019759381867001,OBSERVED_PER_PINNED_VENUE_SUMMED_TO_THE_UTC_DAY_OF_SETTLEMENT
2026-09-08,V12_LS_70_30_StopVol,UNI,LONG,0.048956540258360916,6.854,7.192,0.0001958141467787,OBSERVED_PER_PINNED_VENUE_SUMMED_TO_THE_UTC_DAY_OF_SETTLEMENT
2026-09-08,V12_LS_70_30_StopVol,USELESS,LONG,0.016444516505066748,0.23035,0.31285,0.00030000000000000003,OBSERVED_PER_PINNED_VENUE_SUMMED_TO_THE_UTC_DAY_OF_SETTLEMENT
2026-09-08,V12_LS_70_30_StopVol,ZEC,LONG,0.03555085309355519,1139.94,1211.75,0.0001050799686851,OBSERVED_PER_PINNED_VENUE_SUMMED_TO_THE_UTC_DAY_OF_SETTLEMENT
2026-09-09,V12_LS_50_50,BEAT,SHORT,-0.05,0.1319,0.0787,0.0017601726507912,OBSERVED_PER_PINNED_VENUE_SUMMED_TO_THE_UTC_DAY_OF_SETTLEMENT
2026-09-09,V12_LS_50_50,CAP,SHORT,-0.05,0.0466,0.04458,0.0004791984733635,OBSERVED_PER_PINNED_VENUE_SUMMED_TO_THE_UTC_DAY_OF_SETTLEMENT
2026-09-09,V12_LS_50_50,DASH,LONG,0.05,62.84,66.35,0.0002700168440336,OBSERVED_PER_PINNED_VENUE_SUMMED_TO_THE_UTC_DAY_OF_SETTLEMENT
2026-09-09,V12_LS_50_50,HOME,SHORT,-0.05,0.006045,0.005212,-0.0004629724158978,OBSERVED_PER_PINNED_VENUE_SUMMED_TO_THE_UTC_DAY_OF_SETTLEMENT
2026-09-09,V12_LS_50_50,LIT,LONG,0.05,4.718,5.3283,0.0002625093346774,OBSERVED_PER_PINNED_VENUE_SUMMED_TO_THE_UTC_DAY_OF_SETTLEMENT
2026-09-09,V12_LS_50_50,PAXG,SHORT,-0.05,4421.3,4344.7,0.0002633867,OBSERVED_PER_PINNED_VENUE_SUMMED_TO_THE_UTC_DAY_OF_SETTLEMENT
2026-09-09,V12_LS_50_50,TRIA,SHORT,-0.05,0.004378,0.00302,0.0006105174605163001,OBSERVED_PER_PINNED_VENUE_SUMMED_TO_THE_UTC_DAY_OF_SETTLEMENT
2026-09-09,V12_LS_50_50,ZEC,LONG,0.05,1139.94,1299.0,7.74609047352e-05,OBSERVED_PER_PINNED_VENUE_SUMMED_TO_THE_UTC_DAY_OF_SETTLEMENT
2026-09-09,V12_LS_50_50_StopVol,BEAT,SHORT,-0.012199797008709327,0.1319,0.0787,0.0017601726507912,OBSERVED_PER_PINNED_VENUE_SUMMED_TO_THE_UTC_DAY_OF_SETTLEMENT
2026-09-09,V12_LS_50_50_StopVol,CAP,SHORT,-0.022071802648612443,0.0466,0.04458,0.0004791984733635,OBSERVED_PER_PINNED_VENUE_SUMMED_TO_THE_UTC_DAY_OF_SETTLEMENT
2026-09-09,V12_LS_50_50_StopVol,DASH,LONG,0.025009879738058568,62.84,66.35,0.0002700168440336,OBSERVED_PER_PINNED_VENUE_SUMMED_TO_THE_UTC_DAY_OF_SETTLEMENT
2026-09-09,V12_LS_50_50_StopVol,HOME,SHORT,-0.04173639633601505,0.006045,0.005212,-0.0004629724158978,OBSERVED_PER_PINNED_VENUE_SUMMED_TO_THE_UTC_DAY_OF_SETTLEMENT
2026-09-09,V12_LS_50_50_StopVol,LIT,LONG,0.03353991839153908,4.718,5.3283,0.0002625093346774,OBSERVED_PER_PINNED_VENUE_SUMMED_TO_THE_UTC_DAY_OF_SETTLEMENT
2026-09-09,V12_LS_50_50_StopVol,PAXG,SHORT,-0.05,4421.3,4344.7,0.0002633867,OBSERVED_PER_PINNED_VENUE_SUMMED_TO_THE_UTC_DAY_OF_SETTLEMENT
2026-09-09,V12_LS_50_50_StopVol,TRIA,SHORT,-0.020434596877060597,0.004378,0.00302,0.0006105174605163001,OBSERVED_PER_PINNED_VENUE_SUMMED_TO_THE_UTC_DAY_OF_SETTLEMENT
2026-09-09,V12_LS_50_50_StopVol,ZEC,LONG,0.025444805614690532,1139.94,1299.0,7.74609047352e-05,OBSERVED_PER_PINNED_VENUE_SUMMED_TO_THE_UTC_DAY_OF_SETTLEMENT
2026-09-09,V12_LS_70_30,BEAT,SHORT,-0.03,0.1319,0.0787,0.0017601726507912,OBSERVED_PER_PINNED_VENUE_SUMMED_TO_THE_UTC_DAY_OF_SETTLEMENT
2026-09-09,V12_LS_70_30,CAP,SHORT,-0.03,0.0466,0.04458,0.0004791984733635,OBSERVED_PER_PINNED_VENUE_SUMMED_TO_THE_UTC_DAY_OF_SETTLEMENT
2026-09-09,V12_LS_70_30,DASH,LONG,0.06999999999999999,62.84,66.35,0.0002700168440336,OBSERVED_PER_PINNED_VENUE_SUMMED_TO_THE_UTC_DAY_OF_SETTLEMENT
2026-09-09,V12_LS_70_30,HOME,SHORT,-0.03,0.006045,0.005212,-0.0004629724158978,OBSERVED_PER_PINNED_VENUE_SUMMED_TO_THE_UTC_DAY_OF_SETTLEMENT
2026-09-09,V12_LS_70_30,LIT,LONG,0.06999999999999999,4.718,5.3283,0.0002625093346774,OBSERVED_PER_PINNED_VENUE_SUMMED_TO_THE_UTC_DAY_OF_SETTLEMENT
2026-09-09,V12_LS_70_30,PAXG,SHORT,-0.03,4421.3,4344.7,0.0002633867,OBSERVED_PER_PINNED_VENUE_SUMMED_TO_THE_UTC_DAY_OF_SETTLEMENT
2026-09-09,V12_LS_70_30,TRIA,SHORT,-0.03,0.004378,0.00302,0.0006105174605163001,OBSERVED_PER_PINNED_VENUE_SUMMED_TO_THE_UTC_DAY_OF_SETTLEMENT
2026-09-09,V12_LS_70_30,ZEC,LONG,0.06999999999999999,1139.94,1299.0,7.74609047352e-05,OBSERVED_PER_PINNED_VENUE_SUMMED_TO_THE_UTC_DAY_OF_SETTLEMENT
2026-09-09,V12_LS_70_30_StopVol,BEAT,SHORT,-0.007319878205225595,0.1319,0.0787,0.0017601726507912,OBSERVED_PER_PINNED_VENUE_SUMMED_TO_THE_UTC_DAY_OF_SETTLEMENT
2026-09-09,V12_LS_70_30_StopVol,CAP,SHORT,-0.013243081589167465,0.0466,0.04458,0.0004791984733635,OBSERVED_PER_PINNED_VENUE_SUMMED_TO_THE_UTC_DAY_OF_SETTLEMENT
2026-09-09,V12_LS_70_30_StopVol,DASH,LONG,0.03501383163328199,62.84,66.35,0.0002700168440336,OBSERVED_PER_PINNED_VENUE_SUMMED_TO_THE_UTC_DAY_OF_SETTLEMENT
2026-09-09,V12_LS_70_30_StopVol,HOME,SHORT,-0.025041837801609027,0.006045,0.005212,-0.0004629724158978,OBSERVED_PER_PINNED_VENUE_SUMMED_TO_THE_UTC_DAY_OF_SETTLEMENT
2026-09-09,V12_LS_70_30_StopVol,LIT,LONG,0.04695588574815471,4.718,5.3283,0.0002625093346774,OBSERVED_PER_PINNED_VENUE_SUMMED_TO_THE_UTC_DAY_OF_SETTLEMENT
2026-09-09,V12_LS_70_30_StopVol,PAXG,SHORT,-0.03,4421.3,4344.7,0.0002633867,OBSERVED_PER_PINNED_VENUE_SUMMED_TO_THE_UTC_DAY_OF_SETTLEMENT
2026-09-09,V12_LS_70_30_StopVol,TRIA,SHORT,-0.012260758126236357,0.004378,0.00302,0.0006105174605163001,OBSERVED_PER_PINNED_VENUE_SUMMED_TO_THE_UTC_DAY_OF_SETTLEMENT
2026-09-09,V12_LS_70_30_StopVol,ZEC,LONG,0.035622727860566736,1139.94,1299.0,7.74609047352e-05,OBSERVED_PER_PINNED_VENUE_SUMMED_TO_THE_UTC_DAY_OF_SETTLEMENT
2026-09-10,V12_LS_50_50,BEAT,SHORT,-0.05,0.1319,0.0757,0.00030000000000000003,OBSERVED_PER_PINNED_VENUE_SUMMED_TO_THE_UTC_DAY_OF_SETTLEMENT
2026-09-10,V12_LS_50_50,CAP,SHORT,-0.05,0.0466,0.04458,0.0005719661694144001,OBSERVED_PER_PINNED_VENUE_SUMMED_TO_THE_UTC_DAY_OF_SETTLEMENT
2026-09-10,V12_LS_50_50,DOT,LONG,0.05,1.1212,1.1305,-1.7447432553399997e-05,OBSERVED_PER_PINNED_VENUE_SUMMED_TO_THE_UTC_DAY_OF_SETTLEMENT
2026-09-10,V12_LS_50_50,VVV,LONG,0.05,22.645,25.709,0.00030327315904090003,OBSERVED_PER_PINNED_VENUE_SUMMED_TO_THE_UTC_DAY_OF_SETTLEMENT
2026-09-10,V12_LS_50_50_StopVol,BEAT,SHORT,-0.013449449887145762,0.1319,0.0757,0.00030000000000000003,OBSERVED_PER_PINNED_VENUE_SUMMED_TO_THE_UTC_DAY_OF_SETTLEMENT
2026-09-10,V12_LS_50_50_StopVol,CAP,SHORT,-0.023285458745711723,0.0466,0.04458,0.0005719661694144001,OBSERVED_PER_PINNED_VENUE_SUMMED_TO_THE_UTC_DAY_OF_SETTLEMENT
2026-09-10,V12_LS_50_50_StopVol,DOT,LONG,0.03827243820105856,1.1212,1.1305,-1.7447432553399997e-05,OBSERVED_PER_PINNED_VENUE_SUMMED_TO_THE_UTC_DAY_OF_SETTLEMENT
2026-09-10,V12_LS_50_50_StopVol,VVV,LONG,0.022929975088689252,22.645,25.709,0.00030327315904090003,OBSERVED_PER_PINNED_VENUE_SUMMED_TO_THE_UTC_DAY_OF_SETTLEMENT
2026-09-10,V12_LS_70_30,BEAT,SHORT,-0.03,0.1319,0.0757,0.00030000000000000003,OBSERVED_PER_PINNED_VENUE_SUMMED_TO_THE_UTC_DAY_OF_SETTLEMENT
2026-09-10,V12_LS_70_30,CAP,SHORT,-0.03,0.0466,0.04458,0.0005719661694144001,OBSERVED_PER_PINNED_VENUE_SUMMED_TO_THE_UTC_DAY_OF_SETTLEMENT
2026-09-10,V12_LS_70_30,DOT,LONG,0.06999999999999999,1.1212,1.1305,-1.7447432553399997e-05,OBSERVED_PER_PINNED_VENUE_SUMMED_TO_THE_UTC_DAY_OF_SETTLEMENT
2026-09-10,V12_LS_70_30,VVV,LONG,0.06999999999999999,22.645,25.709,0.00030327315904090003,OBSERVED_PER_PINNED_VENUE_SUMMED_TO_THE_UTC_DAY_OF_SETTLEMENT
2026-09-10,V12_LS_70_30_StopVol,BEAT,SHORT,-0.008069669932287457,0.1319,0.0757,0.00030000000000000003,OBSERVED_PER_PINNED_VENUE_SUMMED_TO_THE_UTC_DAY_OF_SETTLEMENT
2026-09-10,V12_LS_70_30_StopVol,CAP,SHORT,-0.013971275247427032,0.0466,0.04458,0.0005719661694144001,OBSERVED_PER_PINNED_VENUE_SUMMED_TO_THE_UTC_DAY_OF_SETTLEMENT
2026-09-10,V12_LS_70_30_StopVol,DOT,LONG,0.053581413481481974,1.1212,1.1305,-1.7447432553399997e-05,OBSERVED_PER_PINNED_VENUE_SUMMED_TO_THE_UTC_DAY_OF_SETTLEMENT
2026-09-10,V12_LS_70_30_StopVol,VVV,LONG,0.032101965124164945,22.645,25.709,0.00030327315904090003,OBSERVED_PER_PINNED_VENUE_SUMMED_TO_THE_UTC_DAY_OF_SETTLEMENT
2026-09-11,V12_LS_50_50,CAP,SHORT,-0.05,0.0466,0.04302,4.897253098710001e-05,OBSERVED_PER_PINNED_VENUE_SUMMED_TO_THE_UTC_DAY_OF_SETTLEMENT
2026-09-11,V12_LS_50_50,CASHCAT,SHORT,-0.05,0.16376,0.15548,0.00032250019999999994,OBSERVED_PER_PINNED_VENUE_SUMMED_TO_THE_UTC_DAY_OF_SETTLEMENT
2026-09-11,V12_LS_50_50,EDEN,SHORT,-0.05,0.0492,0.04784,0.00030000000000000003,OBSERVED_PER_PINNED_VENUE_SUMMED_TO_THE_UTC_DAY_OF_SETTLEMENT
2026-09-11,V12_LS_50_50,NEAR,LONG,0.05,2.441,2.728,0.00030000000000000003,OBSERVED_PER_PINNED_VENUE_SUMMED_TO_THE_UTC_DAY_OF_SETTLEMENT
2026-09-11,V12_LS_50_50,VVV,LONG,0.05,22.645,27.092,0.0004899899816267,OBSERVED_PER_PINNED_VENUE_SUMMED_TO_THE_UTC_DAY_OF_SETTLEMENT
2026-09-11,V12_LS_50_50,ZEN,LONG,0.05,6.527,6.948,0.0001927360616143,OBSERVED_PER_PINNED_VENUE_SUMMED_TO_THE_UTC_DAY_OF_SETTLEMENT
2026-09-11,V12_LS_50_50_StopVol,CAP,SHORT,-0.025544162895506917,0.0466,0.04302,4.897253098710001e-05,OBSERVED_PER_PINNED_VENUE_SUMMED_TO_THE_UTC_DAY_OF_SETTLEMENT
2026-09-11,V12_LS_50_50_StopVol,CASHCAT,SHORT,-0.013667406487481597,0.16376,0.15548,0.00032250019999999994,OBSERVED_PER_PINNED_VENUE_SUMMED_TO_THE_UTC_DAY_OF_SETTLEMENT
2026-09-11,V12_LS_50_50_StopVol,EDEN,SHORT,-0.013866856727429544,0.0492,0.04784,0.00030000000000000003,OBSERVED_PER_PINNED_VENUE_SUMMED_TO_THE_UTC_DAY_OF_SETTLEMENT
2026-09-11,V12_LS_50_50_StopVol,NEAR,LONG,0.040441961738532636,2.441,2.728,0.00030000000000000003,OBSERVED_PER_PINNED_VENUE_SUMMED_TO_THE_UTC_DAY_OF_SETTLEMENT
2026-09-11,V12_LS_50_50_StopVol,VVV,LONG,0.023040910712974386,22.645,27.092,0.0004899899816267,OBSERVED_PER_PINNED_VENUE_SUMMED_TO_THE_UTC_DAY_OF_SETTLEMENT
2026-09-11,V12_LS_50_50_StopVol,ZEN,LONG,0.030018526792872542,6.527,6.948,0.0001927360616143,OBSERVED_PER_PINNED_VENUE_SUMMED_TO_THE_UTC_DAY_OF_SETTLEMENT
2026-09-11,V12_LS_70_30,CAP,SHORT,-0.03,0.0466,0.04302,4.897253098710001e-05,OBSERVED_PER_PINNED_VENUE_SUMMED_TO_THE_UTC_DAY_OF_SETTLEMENT
2026-09-11,V12_LS_70_30,CASHCAT,SHORT,-0.03,0.16376,0.15548,0.00032250019999999994,OBSERVED_PER_PINNED_VENUE_SUMMED_TO_THE_UTC_DAY_OF_SETTLEMENT
2026-09-11,V12_LS_70_30,EDEN,SHORT,-0.03,0.0492,0.04784,0.00030000000000000003,OBSERVED_PER_PINNED_VENUE_SUMMED_TO_THE_UTC_DAY_OF_SETTLEMENT
2026-09-11,V12_LS_70_30,NEAR,LONG,0.06999999999999999,2.441,2.728,0.00030000000000000003,OBSERVED_PER_PINNED_VENUE_SUMMED_TO_THE_UTC_DAY_OF_SETTLEMENT
2026-09-11,V12_LS_70_30,VVV,LONG,0.06999999999999999,22.645,27.092,0.0004899899816267,OBSERVED_PER_PINNED_VENUE_SUMMED_TO_THE_UTC_DAY_OF_SETTLEMENT
2026-09-11,V12_LS_70_30,ZEN,LONG,0.06999999999999999,6.527,6.948,0.0001927360616143,OBSERVED_PER_PINNED_VENUE_SUMMED_TO_THE_UTC_DAY_OF_SETTLEMENT
2026-09-11,V12_LS_70_30_StopVol,CAP,SHORT,-0.01532649773730415,0.0466,0.04302,4.897253098710001e-05,OBSERVED_PER_PINNED_VENUE_SUMMED_TO_THE_UTC_DAY_OF_SETTLEMENT
2026-09-11,V12_LS_70_30_StopVol,CASHCAT,SHORT,-0.008200443892488958,0.16376,0.15548,0.00032250019999999994,OBSERVED_PER_PINNED_VENUE_SUMMED_TO_THE_UTC_DAY_OF_SETTLEMENT
2026-09-11,V12_LS_70_30_StopVol,EDEN,SHORT,-0.008320114036457726,0.0492,0.04784,0.00030000000000000003,OBSERVED_PER_PINNED_VENUE_SUMMED_TO_THE_UTC_DAY_OF_SETTLEMENT
2026-09-11,V12_LS_70_30_StopVol,NEAR,LONG,0.05661874643394568,2.441,2.728,0.00030000000000000003,OBSERVED_PER_PINNED_VENUE_SUMMED_TO_THE_UTC_DAY_OF_SETTLEMENT
2026-09-11,V12_LS_70_30_StopVol,VVV,LONG,0.03225727499816414,22.645,27.092,0.0004899899816267,OBSERVED_PER_PINNED_VENUE_SUMMED_TO_THE_UTC_DAY_OF_SETTLEMENT
2026-09-11,V12_LS_70_30_StopVol,ZEN,LONG,0.04202593751002155,6.527,6.948,0.0001927360616143,OBSERVED_PER_PINNED_VENUE_SUMMED_TO_THE_UTC_DAY_OF_SETTLEMENT
2026-09-12,V12_LS_50_50,ARB,LONG,0.05,0.13941,0.14627,7.84999867517e-05,OBSERVED_PER_PINNED_VENUE_SUMMED_TO_THE_UTC_DAY_OF_SETTLEMENT
2026-09-12,V12_LS_50_50,BILL,SHORT,-0.05,0.01403,0.01332,0.00039354525689280003,OBSERVED_PER_PINNED_VENUE_SUMMED_TO_THE_UTC_DAY_OF_SETTLEMENT
2026-09-12,V12_LS_50_50,CAP,SHORT,-0.05,0.0466,0.04302,0.00030000000000000003,OBSERVED_PER_PINNED_VENUE_SUMMED_TO_THE_UTC_DAY_OF_SETTLEMENT
2026-09-12,V12_LS_50_50,CASHCAT,SHORT,-0.05,0.16376,0.15548,0.0003,OBSERVED_PER_PINNED_VENUE_SUMMED_TO_THE_UTC_DAY_OF_SETTLEMENT
2026-09-12,V12_LS_50_50,EDEN,SHORT,-0.05,0.0492,0.04784,0.00030000000000000003,OBSERVED_PER_PINNED_VENUE_SUMMED_TO_THE_UTC_DAY_OF_SETTLEMENT
2026-09-12,V12_LS_50_50,ETHFI,LONG,0.05,0.6741,0.7786,0.0002889436027361,OBSERVED_PER_PINNED_VENUE_SUMMED_TO_THE_UTC_DAY_OF_SETTLEMENT
2026-09-12,V12_LS_50_50,MINA,LONG,0.05,0.1051,0.11474,-0.0015088108529196002,OBSERVED_PER_PINNED_VENUE_SUMMED_TO_THE_UTC_DAY_OF_SETTLEMENT
2026-09-12,V12_LS_50_50,USELESS,LONG,0.05,0.21438,0.24456,0.0002611684339094,OBSERVED_PER_PINNED_VENUE_SUMMED_TO_THE_UTC_DAY_OF_SETTLEMENT
2026-09-12,V12_LS_50_50_StopVol,ARB,LONG,0.019423897368499594,0.13941,0.14627,7.84999867517e-05,OBSERVED_PER_PINNED_VENUE_SUMMED_TO_THE_UTC_DAY_OF_SETTLEMENT
2026-09-12,V12_LS_50_50_StopVol,BILL,SHORT,-0.04481163453135392,0.01403,0.01332,0.00039354525689280003,OBSERVED_PER_PINNED_VENUE_SUMMED_TO_THE_UTC_DAY_OF_SETTLEMENT
2026-09-12,V12_LS_50_50_StopVol,CAP,SHORT,-0.02552938708851209,0.0466,0.04302,0.00030000000000000003,OBSERVED_PER_PINNED_VENUE_SUMMED_TO_THE_UTC_DAY_OF_SETTLEMENT
2026-09-12,V12_LS_50_50_StopVol,CASHCAT,SHORT,-0.013895062333870013,0.16376,0.15548,0.0003,OBSERVED_PER_PINNED_VENUE_SUMMED_TO_THE_UTC_DAY_OF_SETTLEMENT
2026-09-12,V12_LS_50_50_StopVol,EDEN,SHORT,-0.01387463029455703,0.0492,0.04784,0.00030000000000000003,OBSERVED_PER_PINNED_VENUE_SUMMED_TO_THE_UTC_DAY_OF_SETTLEMENT
2026-09-12,V12_LS_50_50_StopVol,ETHFI,LONG,0.03647918261657275,0.6741,0.7786,0.0002889436027361,OBSERVED_PER_PINNED_VENUE_SUMMED_TO_THE_UTC_DAY_OF_SETTLEMENT
2026-09-12,V12_LS_50_50_StopVol,MINA,LONG,0.03638522621608627,0.1051,0.11474,-0.0015088108529196002,OBSERVED_PER_PINNED_VENUE_SUMMED_TO_THE_UTC_DAY_OF_SETTLEMENT
2026-09-12,V12_LS_50_50_StopVol,USELESS,LONG,0.01126986404294698,0.21438,0.24456,0.0002611684339094,OBSERVED_PER_PINNED_VENUE_SUMMED_TO_THE_UTC_DAY_OF_SETTLEMENT
2026-09-12,V12_LS_70_30,ARB,LONG,0.06999999999999999,0.13941,0.14627,7.84999867517e-05,OBSERVED_PER_PINNED_VENUE_SUMMED_TO_THE_UTC_DAY_OF_SETTLEMENT
2026-09-12,V12_LS_70_30,BILL,SHORT,-0.03,0.01403,0.01332,0.00039354525689280003,OBSERVED_PER_PINNED_VENUE_SUMMED_TO_THE_UTC_DAY_OF_SETTLEMENT
2026-09-12,V12_LS_70_30,CAP,SHORT,-0.03,0.0466,0.04302,0.00030000000000000003,OBSERVED_PER_PINNED_VENUE_SUMMED_TO_THE_UTC_DAY_OF_SETTLEMENT
2026-09-12,V12_LS_70_30,CASHCAT,SHORT,-0.03,0.16376,0.15548,0.0003,OBSERVED_PER_PINNED_VENUE_SUMMED_TO_THE_UTC_DAY_OF_SETTLEMENT
2026-09-12,V12_LS_70_30,EDEN,SHORT,-0.03,0.0492,0.04784,0.00030000000000000003,OBSERVED_PER_PINNED_VENUE_SUMMED_TO_THE_UTC_DAY_OF_SETTLEMENT
2026-09-12,V12_LS_70_30,ETHFI,LONG,0.06999999999999999,0.6741,0.7786,0.0002889436027361,OBSERVED_PER_PINNED_VENUE_SUMMED_TO_THE_UTC_DAY_OF_SETTLEMENT
2026-09-12,V12_LS_70_30,MINA,LONG,0.06999999999999999,0.1051,0.11474,-0.0015088108529196002,OBSERVED_PER_PINNED_VENUE_SUMMED_TO_THE_UTC_DAY_OF_SETTLEMENT
2026-09-12,V12_LS_70_30,USELESS,LONG,0.06999999999999999,0.21438,0.24456,0.0002611684339094,OBSERVED_PER_PINNED_VENUE_SUMMED_TO_THE_UTC_DAY_OF_SETTLEMENT
2026-09-12,V12_LS_70_30_StopVol,ARB,LONG,0.027193456315899426,0.13941,0.14627,7.84999867517e-05,OBSERVED_PER_PINNED_VENUE_SUMMED_TO_THE_UTC_DAY_OF_SETTLEMENT
2026-09-12,V12_LS_70_30_StopVol,BILL,SHORT,-0.026886980718812348,0.01403,0.01332,0.00039354525689280003,OBSERVED_PER_PINNED_VENUE_SUMMED_TO_THE_UTC_DAY_OF_SETTLEMENT
2026-09-12,V12_LS_70_30_StopVol,CAP,SHORT,-0.015317632253107253,0.0466,0.04302,0.00030000000000000003,OBSERVED_PER_PINNED_VENUE_SUMMED_TO_THE_UTC_DAY_OF_SETTLEMENT
2026-09-12,V12_LS_70_30_StopVol,CASHCAT,SHORT,-0.008337037400322007,0.16376,0.15548,0.0003,OBSERVED_PER_PINNED_VENUE_SUMMED_TO_THE_UTC_DAY_OF_SETTLEMENT
2026-09-12,V12_LS_70_30_StopVol,EDEN,SHORT,-0.008324778176734217,0.0492,0.04784,0.00030000000000000003,OBSERVED_PER_PINNED_VENUE_SUMMED_TO_THE_UTC_DAY_OF_SETTLEMENT
2026-09-12,V12_LS_70_30_StopVol,ETHFI,LONG,0.05107085566320184,0.6741,0.7786,0.0002889436027361,OBSERVED_PER_PINNED_VENUE_SUMMED_TO_THE_UTC_DAY_OF_SETTLEMENT
2026-09-12,V12_LS_70_30_StopVol,MINA,LONG,0.05093931670252076,0.1051,0.11474,-0.0015088108529196002,OBSERVED_PER_PINNED_VENUE_SUMMED_TO_THE_UTC_DAY_OF_SETTLEMENT
2026-09-12,V12_LS_70_30_StopVol,USELESS,LONG,0.01577780966012577,0.21438,0.24456,0.0002611684339094,OBSERVED_PER_PINNED_VENUE_SUMMED_TO_THE_UTC_DAY_OF_SETTLEMENT
2026-09-13,V12_LS_50_50,ARB,LONG,0.05,0.13941,0.14627,9.19512158041e-05,OBSERVED_PER_PINNED_VENUE_SUMMED_TO_THE_UTC_DAY_OF_SETTLEMENT
2026-09-13,V12_LS_50_50,BILL,SHORT,-0.05,0.01403,0.01263,0.0003316863355840001,OBSERVED_PER_PINNED_VENUE_SUMMED_TO_THE_UTC_DAY_OF_SETTLEMENT
2026-09-13,V12_LS_50_50,CAP,SHORT,-0.05,0.0466,0.04302,0.00030000000000000003,OBSERVED_PER_PINNED_VENUE_SUMMED_TO_THE_UTC_DAY_OF_SETTLEMENT
2026-09-13,V12_LS_50_50,CASHCAT,SHORT,-0.05,0.16376,0.15433,0.0003,OBSERVED_PER_PINNED_VENUE_SUMMED_TO_THE_UTC_DAY_OF_SETTLEMENT
2026-09-13,V12_LS_50_50,HOME,SHORT,-0.05,0.005472,0.005304,-3.4108597635000007e-06,OBSERVED_PER_PINNED_VENUE_SUMMED_TO_THE_UTC_DAY_OF_SETTLEMENT
2026-09-13,V12_LS_50_50,RAVE,SHORT,-0.05,0.1989,0.1789,4.1896596119600006e-05,OBSERVED_PER_PINNED_VENUE_SUMMED_TO_THE_UTC_DAY_OF_SETTLEMENT
2026-09-13,V12_LS_50_50,TRIA,SHORT,-0.05,0.003685,0.003394,0.0004855810810334,OBSERVED_PER_PINNED_VENUE_SUMMED_TO_THE_UTC_DAY_OF_SETTLEMENT
2026-09-13,V12_LS_50_50,UNI,LONG,0.05,6.369,6.49,8.495836373869999e-05,OBSERVED_PER_PINNED_VENUE_SUMMED_TO_THE_UTC_DAY_OF_SETTLEMENT
2026-09-13,V12_LS_50_50,USELESS,LONG,0.05,0.21438,0.24456,0.00030000000000000003,OBSERVED_PER_PINNED_VENUE_SUMMED_TO_THE_UTC_DAY_OF_SETTLEMENT
2026-09-13,V12_LS_50_50,ZEC,LONG,0.05,1122.61,1157.0,0.00010678648180050001,OBSERVED_PER_PINNED_VENUE_SUMMED_TO_THE_UTC_DAY_OF_SETTLEMENT
2026-09-13,V12_LS_50_50_StopVol,ARB,LONG,0.019416137772212686,0.13941,0.14627,9.19512158041e-05,OBSERVED_PER_PINNED_VENUE_SUMMED_TO_THE_UTC_DAY_OF_SETTLEMENT
2026-09-13,V12_LS_50_50_StopVol,BILL,SHORT,-0.044533713744315355,0.01403,0.01263,0.0003316863355840001,OBSERVED_PER_PINNED_VENUE_SUMMED_TO_THE_UTC_DAY_OF_SETTLEMENT
2026-09-13,V12_LS_50_50_StopVol,CAP,SHORT,-0.025576172372225987,0.0466,0.04302,0.00030000000000000003,OBSERVED_PER_PINNED_VENUE_SUMMED_TO_THE_UTC_DAY_OF_SETTLEMENT
2026-09-13,V12_LS_50_50_StopVol,CASHCAT,SHORT,-0.013923114375520471,0.16376,0.15433,0.0003,OBSERVED_PER_PINNED_VENUE_SUMMED_TO_THE_UTC_DAY_OF_SETTLEMENT
2026-09-13,V12_LS_50_50_StopVol,HOME,SHORT,-0.04352741404312569,0.005472,0.005304,-3.4108597635000007e-06,OBSERVED_PER_PINNED_VENUE_SUMMED_TO_THE_UTC_DAY_OF_SETTLEMENT
2026-09-13,V12_LS_50_50_StopVol,RAVE,SHORT,-0.03979330434405904,0.1989,0.1789,4.1896596119600006e-05,OBSERVED_PER_PINNED_VENUE_SUMMED_TO_THE_UTC_DAY_OF_SETTLEMENT
2026-09-13,V12_LS_50_50_StopVol,TRIA,SHORT,-0.019555717036868484,0.003685,0.003394,0.0004855810810334,OBSERVED_PER_PINNED_VENUE_SUMMED_TO_THE_UTC_DAY_OF_SETTLEMENT
2026-09-13,V12_LS_50_50_StopVol,UNI,LONG,0.034207034205623196,6.369,6.49,8.495836373869999e-05,OBSERVED_PER_PINNED_VENUE_SUMMED_TO_THE_UTC_DAY_OF_SETTLEMENT
2026-09-13,V12_LS_50_50_StopVol,USELESS,LONG,0.011283727070324906,0.21438,0.24456,0.00030000000000000003,OBSERVED_PER_PINNED_VENUE_SUMMED_TO_THE_UTC_DAY_OF_SETTLEMENT
2026-09-13,V12_LS_50_50_StopVol,ZEC,LONG,0.023790405235034996,1122.61,1157.0,0.00010678648180050001,OBSERVED_PER_PINNED_VENUE_SUMMED_TO_THE_UTC_DAY_OF_SETTLEMENT
2026-09-13,V12_LS_70_30,ARB,LONG,0.06999999999999999,0.13941,0.14627,9.19512158041e-05,OBSERVED_PER_PINNED_VENUE_SUMMED_TO_THE_UTC_DAY_OF_SETTLEMENT
2026-09-13,V12_LS_70_30,BILL,SHORT,-0.03,0.01403,0.01263,0.0003316863355840001,OBSERVED_PER_PINNED_VENUE_SUMMED_TO_THE_UTC_DAY_OF_SETTLEMENT
2026-09-13,V12_LS_70_30,CAP,SHORT,-0.03,0.0466,0.04302,0.00030000000000000003,OBSERVED_PER_PINNED_VENUE_SUMMED_TO_THE_UTC_DAY_OF_SETTLEMENT
2026-09-13,V12_LS_70_30,CASHCAT,SHORT,-0.03,0.16376,0.15433,0.0003,OBSERVED_PER_PINNED_VENUE_SUMMED_TO_THE_UTC_DAY_OF_SETTLEMENT
2026-09-13,V12_LS_70_30,HOME,SHORT,-0.03,0.005472,0.005304,-3.4108597635000007e-06,OBSERVED_PER_PINNED_VENUE_SUMMED_TO_THE_UTC_DAY_OF_SETTLEMENT
2026-09-13,V12_LS_70_30,RAVE,SHORT,-0.03,0.1989,0.1789,4.1896596119600006e-05,OBSERVED_PER_PINNED_VENUE_SUMMED_TO_THE_UTC_DAY_OF_SETTLEMENT
2026-09-13,V12_LS_70_30,TRIA,SHORT,-0.03,0.003685,0.003394,0.0004855810810334,OBSERVED_PER_PINNED_VENUE_SUMMED_TO_THE_UTC_DAY_OF_SETTLEMENT
2026-09-13,V12_LS_70_30,UNI,LONG,0.06999999999999999,6.369,6.49,8.495836373869999e-05,OBSERVED_PER_PINNED_VENUE_SUMMED_TO_THE_UTC_DAY_OF_SETTLEMENT
2026-09-13,V12_LS_70_30,USELESS,LONG,0.06999999999999999,0.21438,0.24456,0.00030000000000000003,OBSERVED_PER_PINNED_VENUE_SUMMED_TO_THE_UTC_DAY_OF_SETTLEMENT
2026-09-13,V12_LS_70_30,ZEC,LONG,0.06999999999999999,1122.61,1157.0,0.00010678648180050001,OBSERVED_PER_PINNED_VENUE_SUMMED_TO_THE_UTC_DAY_OF_SETTLEMENT
2026-09-13,V12_LS_70_30_StopVol,ARB,LONG,0.027182592881097756,0.13941,0.14627,9.19512158041e-05,OBSERVED_PER_PINNED_VENUE_SUMMED_TO_THE_UTC_DAY_OF_SETTLEMENT
2026-09-13,V12_LS_70_30_StopVol,BILL,SHORT,-0.02672022824658921,0.01403,0.01263,0.0003316863355840001,OBSERVED_PER_PINNED_VENUE_SUMMED_TO_THE_UTC_DAY_OF_SETTLEMENT
2026-09-13,V12_LS_70_30_StopVol,CAP,SHORT,-0.015345703423335591,0.0466,0.04302,0.00030000000000000003,OBSERVED_PER_PINNED_VENUE_SUMMED_TO_THE_UTC_DAY_OF_SETTLEMENT
2026-09-13,V12_LS_70_30_StopVol,CASHCAT,SHORT,-0.008353868625312282,0.16376,0.15433,0.0003,OBSERVED_PER_PINNED_VENUE_SUMMED_TO_THE_UTC_DAY_OF_SETTLEMENT
2026-09-13,V12_LS_70_30_StopVol,HOME,SHORT,-0.026116448425875412,0.005472,0.005304,-3.4108597635000007e-06,OBSERVED_PER_PINNED_VENUE_SUMMED_TO_THE_UTC_DAY_OF_SETTLEMENT
2026-09-13,V12_LS_70_30_StopVol,RAVE,SHORT,-0.023875982606435423,0.1989,0.1789,4.1896596119600006e-05,OBSERVED_PER_PINNED_VENUE_SUMMED_TO_THE_UTC_DAY_OF_SETTLEMENT
2026-09-13,V12_LS_70_30_StopVol,TRIA,SHORT,-0.01173343022212109,0.003685,0.003394,0.0004855810810334,OBSERVED_PER_PINNED_VENUE_SUMMED_TO_THE_UTC_DAY_OF_SETTLEMENT
2026-09-13,V12_LS_70_30_StopVol,UNI,LONG,0.04788984788787247,6.369,6.49,8.495836373869999e-05,OBSERVED_PER_PINNED_VENUE_SUMMED_TO_THE_UTC_DAY_OF_SETTLEMENT
2026-09-13,V12_LS_70_30_StopVol,USELESS,LONG,0.01579721789845487,0.21438,0.24456,0.00030000000000000003,OBSERVED_PER_PINNED_VENUE_SUMMED_TO_THE_UTC_DAY_OF_SETTLEMENT
2026-09-13,V12_LS_70_30_StopVol,ZEC,LONG,0.03330656732904899,1122.61,1157.0,0.00010678648180050001,OBSERVED_PER_PINNED_VENUE_SUMMED_TO_THE_UTC_DAY_OF_SETTLEMENT
2026-09-14,V12_LS_50_50,ARB,LONG,0.05,0.13941,0.14627,0.0001002575708124,OBSERVED_PER_PINNED_VENUE_SUMMED_TO_THE_UTC_DAY_OF_SETTLEMENT
2026-09-14,V12_LS_50_50,BEAT,SHORT,-0.05,0.0808,0.0802,0.0005983398730343,OBSERVED_PER_PINNED_VENUE_SUMMED_TO_THE_UTC_DAY_OF_SETTLEMENT
2026-09-14,V12_LS_50_50,BILL,SHORT,-0.05,0.01403,0.01256,0.00030000000000000003,OBSERVED_PER_PINNED_VENUE_SUMMED_TO_THE_UTC_DAY_OF_SETTLEMENT
2026-09-14,V12_LS_50_50,CASHCAT,SHORT,-0.05,0.16376,0.145,0.0003378022,OBSERVED_PER_PINNED_VENUE_SUMMED_TO_THE_UTC_DAY_OF_SETTLEMENT
2026-09-14,V12_LS_50_50,FARTCOIN,SHORT,-0.05,0.1387,0.1383,0.00030000000000000003,OBSERVED_PER_PINNED_VENUE_SUMMED_TO_THE_UTC_DAY_OF_SETTLEMENT
2026-09-14,V12_LS_50_50,HOME,SHORT,-0.05,0.005472,0.005304,0.0001747046852582,OBSERVED_PER_PINNED_VENUE_SUMMED_TO_THE_UTC_DAY_OF_SETTLEMENT
2026-09-14,V12_LS_50_50,LAB,SHORT,-0.05,0.05588,0.04734,0.0007295286727643,OBSERVED_PER_PINNED_VENUE_SUMMED_TO_THE_UTC_DAY_OF_SETTLEMENT
2026-09-14,V12_LS_50_50,MUBARAK,LONG,0.05,0.029952,0.030864,0.0006064738441281,OBSERVED_PER_PINNED_VENUE_SUMMED_TO_THE_UTC_DAY_OF_SETTLEMENT
2026-09-14,V12_LS_50_50,PENDLE,LONG,0.05,2.089,2.464,0.00030000000000000003,OBSERVED_PER_PINNED_VENUE_SUMMED_TO_THE_UTC_DAY_OF_SETTLEMENT
2026-09-14,V12_LS_50_50,RAVE,SHORT,-0.05,0.1989,0.1733,0.00030000000000000003,OBSERVED_PER_PINNED_VENUE_SUMMED_TO_THE_UTC_DAY_OF_SETTLEMENT
2026-09-14,V12_LS_50_50,TRIA,SHORT,-0.05,0.003685,0.003312,0.00039305904665990003,OBSERVED_PER_PINNED_VENUE_SUMMED_TO_THE_UTC_DAY_OF_SETTLEMENT
2026-09-14,V12_LS_50_50,UP,SHORT,-0.05,0.3335,0.3292,0.00030000000000000003,OBSERVED_PER_PINNED_VENUE_SUMMED_TO_THE_UTC_DAY_OF_SETTLEMENT
2026-09-14,V12_LS_50_50,USELESS,LONG,0.05,0.21438,0.24456,0.00030000000000000003,OBSERVED_PER_PINNED_VENUE_SUMMED_TO_THE_UTC_DAY_OF_SETTLEMENT
2026-09-14,V12_LS_50_50,ZEC,LONG,0.05,1122.61,1224.46,-1.5132102455699988e-05,OBSERVED_PER_PINNED_VENUE_SUMMED_TO_THE_UTC_DAY_OF_SETTLEMENT
2026-09-14,V12_LS_50_50_StopVol,ARB,LONG,0.019261227570311765,0.13941,0.14627,0.0001002575708124,OBSERVED_PER_PINNED_VENUE_SUMMED_TO_THE_UTC_DAY_OF_SETTLEMENT
2026-09-14,V12_LS_50_50_StopVol,BEAT,SHORT,-0.013930461877674445,0.0808,0.0802,0.0005983398730343,OBSERVED_PER_PINNED_VENUE_SUMMED_TO_THE_UTC_DAY_OF_SETTLEMENT
2026-09-14,V12_LS_50_50_StopVol,BILL,SHORT,-0.04470935619839705,0.01403,0.01256,0.00030000000000000003,OBSERVED_PER_PINNED_VENUE_SUMMED_TO_THE_UTC_DAY_OF_SETTLEMENT
2026-09-14,V12_LS_50_50_StopVol,CASHCAT,SHORT,-0.014336871000660549,0.16376,0.145,0.0003378022,OBSERVED_PER_PINNED_VENUE_SUMMED_TO_THE_UTC_DAY_OF_SETTLEMENT
2026-09-14,V12_LS_50_50_StopVol,FARTCOIN,SHORT,-0.028186309871652483,0.1387,0.1383,0.00030000000000000003,OBSERVED_PER_PINNED_VENUE_SUMMED_TO_THE_UTC_DAY_OF_SETTLEMENT
2026-09-14,V12_LS_50_50_StopVol,HOME,SHORT,-0.04353312978318056,0.005472,0.005304,0.0001747046852582,OBSERVED_PER_PINNED_VENUE_SUMMED_TO_THE_UTC_DAY_OF_SETTLEMENT
2026-09-14,V12_LS_50_50_StopVol,LAB,SHORT,-0.01391721108801236,0.05588,0.04734,0.0007295286727643,OBSERVED_PER_PINNED_VENUE_SUMMED_TO_THE_UTC_DAY_OF_SETTLEMENT
2026-09-14,V12_LS_50_50_StopVol,MUBARAK,LONG,0.022705245103318117,0.029952,0.030864,0.0006064738441281,OBSERVED_PER_PINNED_VENUE_SUMMED_TO_THE_UTC_DAY_OF_SETTLEMENT
2026-09-14,V12_LS_50_50_StopVol,PENDLE,LONG,0.04173653766994647,2.089,2.464,0.00030000000000000003,OBSERVED_PER_PINNED_VENUE_SUMMED_TO_THE_UTC_DAY_OF_SETTLEMENT
2026-09-14,V12_LS_50_50_StopVol,RAVE,SHORT,-0.03888739600522103,0.1989,0.1733,0.00030000000000000003,OBSERVED_PER_PINNED_VENUE_SUMMED_TO_THE_UTC_DAY_OF_SETTLEMENT
2026-09-14,V12_LS_50_50_StopVol,TRIA,SHORT,-0.019491155038564335,0.003685,0.003312,0.00039305904665990003,OBSERVED_PER_PINNED_VENUE_SUMMED_TO_THE_UTC_DAY_OF_SETTLEMENT
2026-09-14,V12_LS_50_50_StopVol,UP,SHORT,-0.024583607002161837,0.3335,0.3292,0.00030000000000000003,OBSERVED_PER_PINNED_VENUE_SUMMED_TO_THE_UTC_DAY_OF_SETTLEMENT
2026-09-14,V12_LS_50_50_StopVol,USELESS,LONG,0.011145183299311152,0.21438,0.24456,0.00030000000000000003,OBSERVED_PER_PINNED_VENUE_SUMMED_TO_THE_UTC_DAY_OF_SETTLEMENT
2026-09-14,V12_LS_50_50_StopVol,ZEC,LONG,0.023425190549329847,1122.61,1224.46,-1.5132102455699988e-05,OBSERVED_PER_PINNED_VENUE_SUMMED_TO_THE_UTC_DAY_OF_SETTLEMENT
2026-09-14,V12_LS_70_30,ARB,LONG,0.06999999999999999,0.13941,0.14627,0.0001002575708124,OBSERVED_PER_PINNED_VENUE_SUMMED_TO_THE_UTC_DAY_OF_SETTLEMENT
2026-09-14,V12_LS_70_30,BEAT,SHORT,-0.03,0.0808,0.0802,0.0005983398730343,OBSERVED_PER_PINNED_VENUE_SUMMED_TO_THE_UTC_DAY_OF_SETTLEMENT
2026-09-14,V12_LS_70_30,BILL,SHORT,-0.03,0.01403,0.01256,0.00030000000000000003,OBSERVED_PER_PINNED_VENUE_SUMMED_TO_THE_UTC_DAY_OF_SETTLEMENT
2026-09-14,V12_LS_70_30,CASHCAT,SHORT,-0.03,0.16376,0.145,0.0003378022,OBSERVED_PER_PINNED_VENUE_SUMMED_TO_THE_UTC_DAY_OF_SETTLEMENT
2026-09-14,V12_LS_70_30,FARTCOIN,SHORT,-0.03,0.1387,0.1383,0.00030000000000000003,OBSERVED_PER_PINNED_VENUE_SUMMED_TO_THE_UTC_DAY_OF_SETTLEMENT
2026-09-14,V12_LS_70_30,HOME,SHORT,-0.03,0.005472,0.005304,0.0001747046852582,OBSERVED_PER_PINNED_VENUE_SUMMED_TO_THE_UTC_DAY_OF_SETTLEMENT
2026-09-14,V12_LS_70_30,LAB,SHORT,-0.03,0.05588,0.04734,0.0007295286727643,OBSERVED_PER_PINNED_VENUE_SUMMED_TO_THE_UTC_DAY_OF_SETTLEMENT
2026-09-14,V12_LS_70_30,MUBARAK,LONG,0.06999999999999999,0.029952,0.030864,0.0006064738441281,OBSERVED_PER_PINNED_VENUE_SUMMED_TO_THE_UTC_DAY_OF_SETTLEMENT
2026-09-14,V12_LS_70_30,PENDLE,LONG,0.06999999999999999,2.089,2.464,0.00030000000000000003,OBSERVED_PER_PINNED_VENUE_SUMMED_TO_THE_UTC_DAY_OF_SETTLEMENT
2026-09-14,V12_LS_70_30,RAVE,SHORT,-0.03,0.1989,0.1733,0.00030000000000000003,OBSERVED_PER_PINNED_VENUE_SUMMED_TO_THE_UTC_DAY_OF_SETTLEMENT
2026-09-14,V12_LS_70_30,TRIA,SHORT,-0.03,0.003685,0.003312,0.00039305904665990003,OBSERVED_PER_PINNED_VENUE_SUMMED_TO_THE_UTC_DAY_OF_SETTLEMENT
2026-09-14,V12_LS_70_30,UP,SHORT,-0.03,0.3335,0.3292,0.00030000000000000003,OBSERVED_PER_PINNED_VENUE_SUMMED_TO_THE_UTC_DAY_OF_SETTLEMENT
2026-09-14,V12_LS_70_30,USELESS,LONG,0.06999999999999999,0.21438,0.24456,0.00030000000000000003,OBSERVED_PER_PINNED_VENUE_SUMMED_TO_THE_UTC_DAY_OF_SETTLEMENT
2026-09-14,V12_LS_70_30,ZEC,LONG,0.06999999999999999,1122.61,1224.46,-1.5132102455699988e-05,OBSERVED_PER_PINNED_VENUE_SUMMED_TO_THE_UTC_DAY_OF_SETTLEMENT
2026-09-14,V12_LS_70_30_StopVol,ARB,LONG,0.026965718598436467,0.13941,0.14627,0.0001002575708124,OBSERVED_PER_PINNED_VENUE_SUMMED_TO_THE_UTC_DAY_OF_SETTLEMENT
2026-09-14,V12_LS_70_30_StopVol,BEAT,SHORT,-0.008358277126604667,0.0808,0.0802,0.0005983398730343,OBSERVED_PER_PINNED_VENUE_SUMMED_TO_THE_UTC_DAY_OF_SETTLEMENT
2026-09-14,V12_LS_70_30_StopVol,BILL,SHORT,-0.026825613719038226,0.01403,0.01256,0.00030000000000000003,OBSERVED_PER_PINNED_VENUE_SUMMED_TO_THE_UTC_DAY_OF_SETTLEMENT
2026-09-14,V12_LS_70_30_StopVol,CASHCAT,SHORT,-0.008602122600396328,0.16376,0.145,0.0003378022,OBSERVED_PER_PINNED_VENUE_SUMMED_TO_THE_UTC_DAY_OF_SETTLEMENT
2026-09-14,V12_LS_70_30_StopVol,FARTCOIN,SHORT,-0.016911785922991487,0.1387,0.1383,0.00030000000000000003,OBSERVED_PER_PINNED_VENUE_SUMMED_TO_THE_UTC_DAY_OF_SETTLEMENT
2026-09-14,V12_LS_70_30_StopVol,HOME,SHORT,-0.026119877869908333,0.005472,0.005304,0.0001747046852582,OBSERVED_PER_PINNED_VENUE_SUMMED_TO_THE_UTC_DAY_OF_SETTLEMENT
2026-09-14,V12_LS_70_30_StopVol,LAB,SHORT,-0.008350326652807416,0.05588,0.04734,0.0007295286727643,OBSERVED_PER_PINNED_VENUE_SUMMED_TO_THE_UTC_DAY_OF_SETTLEMENT
2026-09-14,V12_LS_70_30_StopVol,MUBARAK,LONG,0.03178734314464536,0.029952,0.030864,0.0006064738441281,OBSERVED_PER_PINNED_VENUE_SUMMED_TO_THE_UTC_DAY_OF_SETTLEMENT
2026-09-14,V12_LS_70_30_StopVol,PENDLE,LONG,0.05843115273792505,2.089,2.464,0.00030000000000000003,OBSERVED_PER_PINNED_VENUE_SUMMED_TO_THE_UTC_DAY_OF_SETTLEMENT
2026-09-14,V12_LS_70_30_StopVol,RAVE,SHORT,-0.023332437603132614,0.1989,0.1733,0.00030000000000000003,OBSERVED_PER_PINNED_VENUE_SUMMED_TO_THE_UTC_DAY_OF_SETTLEMENT
2026-09-14,V12_LS_70_30_StopVol,TRIA,SHORT,-0.0116946930231386,0.003685,0.003312,0.00039305904665990003,OBSERVED_PER_PINNED_VENUE_SUMMED_TO_THE_UTC_DAY_OF_SETTLEMENT
2026-09-14,V12_LS_70_30_StopVol,UP,SHORT,-0.014750164201297102,0.3335,0.3292,0.00030000000000000003,OBSERVED_PER_PINNED_VENUE_SUMMED_TO_THE_UTC_DAY_OF_SETTLEMENT
2026-09-14,V12_LS_70_30_StopVol,USELESS,LONG,0.01560325661903561,0.21438,0.24456,0.00030000000000000003,OBSERVED_PER_PINNED_VENUE_SUMMED_TO_THE_UTC_DAY_OF_SETTLEMENT
2026-09-14,V12_LS_70_30_StopVol,ZEC,LONG,0.03279526676906178,1122.61,1224.46,-1.5132102455699988e-05,OBSERVED_PER_PINNED_VENUE_SUMMED_TO_THE_UTC_DAY_OF_SETTLEMENT
2026-09-15,V12_LS_50_50,BEAT,SHORT,-0.05,0.0808,0.0795,0.00048482352811820005,OBSERVED_PER_PINNED_VENUE_SUMMED_TO_THE_UTC_DAY_OF_SETTLEMENT
2026-09-15,V12_LS_50_50,EDEN,SHORT,-0.05,0.0475,0.04486,7.125190438380003e-05,OBSERVED_PER_PINNED_VENUE_SUMMED_TO_THE_UTC_DAY_OF_SETTLEMENT
2026-09-15,V12_LS_50_50,FARTCOIN,SHORT,-0.05,0.1387,0.1304,0.00030000000000000003,OBSERVED_PER_PINNED_VENUE_SUMMED_TO_THE_UTC_DAY_OF_SETTLEMENT
2026-09-15,V12_LS_50_50,HOME,SHORT,-0.05,0.005472,0.005055,0.0001517102408962,OBSERVED_PER_PINNED_VENUE_SUMMED_TO_THE_UTC_DAY_OF_SETTLEMENT
2026-09-15,V12_LS_50_50,LAB,SHORT,-0.05,0.05588,0.04723,0.0003600544263237,OBSERVED_PER_PINNED_VENUE_SUMMED_TO_THE_UTC_DAY_OF_SETTLEMENT
2026-09-15,V12_LS_50_50,MUBARAK,LONG,0.05,0.029952,0.030864,0.0003698974317058,OBSERVED_PER_PINNED_VENUE_SUMMED_TO_THE_UTC_DAY_OF_SETTLEMENT
2026-09-15,V12_LS_50_50,TRIA,SHORT,-0.05,0.003685,0.00326,0.00030000000000000003,OBSERVED_PER_PINNED_VENUE_SUMMED_TO_THE_UTC_DAY_OF_SETTLEMENT
2026-09-15,V12_LS_50_50,UP,SHORT,-0.05,0.3335,0.2951,0.00030000000000000003,OBSERVED_PER_PINNED_VENUE_SUMMED_TO_THE_UTC_DAY_OF_SETTLEMENT
2026-09-15,V12_LS_50_50,USELESS,LONG,0.05,0.21438,0.24456,0.00030000000000000003,OBSERVED_PER_PINNED_VENUE_SUMMED_TO_THE_UTC_DAY_OF_SETTLEMENT
2026-09-15,V12_LS_50_50,VVV,LONG,0.05,23.128,23.387,0.00030000000000000003,OBSERVED_PER_PINNED_VENUE_SUMMED_TO_THE_UTC_DAY_OF_SETTLEMENT
2026-09-15,V12_LS_50_50,ZEC,LONG,0.05,1122.61,1224.46,3.209180808700001e-06,OBSERVED_PER_PINNED_VENUE_SUMMED_TO_THE_UTC_DAY_OF_SETTLEMENT
2026-09-15,V12_LS_50_50_StopVol,BEAT,SHORT,-0.015804451777184536,0.0808,0.0795,0.00048482352811820005,OBSERVED_PER_PINNED_VENUE_SUMMED_TO_THE_UTC_DAY_OF_SETTLEMENT
2026-09-15,V12_LS_50_50_StopVol,EDEN,SHORT,-0.024908890780779316,0.0475,0.04486,7.125190438380003e-05,OBSERVED_PER_PINNED_VENUE_SUMMED_TO_THE_UTC_DAY_OF_SETTLEMENT
2026-09-15,V12_LS_50_50_StopVol,FARTCOIN,SHORT,-0.02810708365274164,0.1387,0.1304,0.00030000000000000003,OBSERVED_PER_PINNED_VENUE_SUMMED_TO_THE_UTC_DAY_OF_SETTLEMENT
2026-09-15,V12_LS_50_50_StopVol,HOME,SHORT,-0.047182253237135895,0.005472,0.005055,0.0001517102408962,OBSERVED_PER_PINNED_VENUE_SUMMED_TO_THE_UTC_DAY_OF_SETTLEMENT
2026-09-15,V12_LS_50_50_StopVol,LAB,SHORT,-0.013798580667923915,0.05588,0.04723,0.0003600544263237,OBSERVED_PER_PINNED_VENUE_SUMMED_TO_THE_UTC_DAY_OF_SETTLEMENT
2026-09-15,V12_LS_50_50_StopVol,MUBARAK,LONG,0.022957244359588496,0.029952,0.030864,0.0003698974317058,OBSERVED_PER_PINNED_VENUE_SUMMED_TO_THE_UTC_DAY_OF_SETTLEMENT
2026-09-15,V12_LS_50_50_StopVol,TRIA,SHORT,-0.019526033496742316,0.003685,0.00326,0.00030000000000000003,OBSERVED_PER_PINNED_VENUE_SUMMED_TO_THE_UTC_DAY_OF_SETTLEMENT
2026-09-15,V12_LS_50_50_StopVol,UP,SHORT,-0.024636499918129287,0.3335,0.2951,0.00030000000000000003,OBSERVED_PER_PINNED_VENUE_SUMMED_TO_THE_UTC_DAY_OF_SETTLEMENT
2026-09-15,V12_LS_50_50_StopVol,USELESS,LONG,0.011064935922310795,0.21438,0.24456,0.00030000000000000003,OBSERVED_PER_PINNED_VENUE_SUMMED_TO_THE_UTC_DAY_OF_SETTLEMENT
2026-09-15,V12_LS_50_50_StopVol,VVV,LONG,0.021911047927133526,23.128,23.387,0.00030000000000000003,OBSERVED_PER_PINNED_VENUE_SUMMED_TO_THE_UTC_DAY_OF_SETTLEMENT
2026-09-15,V12_LS_50_50_StopVol,ZEC,LONG,0.023296299047532623,1122.61,1224.46,3.209180808700001e-06,OBSERVED_PER_PINNED_VENUE_SUMMED_TO_THE_UTC_DAY_OF_SETTLEMENT
2026-09-15,V12_LS_70_30,BEAT,SHORT,-0.03,0.0808,0.0795,0.00048482352811820005,OBSERVED_PER_PINNED_VENUE_SUMMED_TO_THE_UTC_DAY_OF_SETTLEMENT
2026-09-15,V12_LS_70_30,EDEN,SHORT,-0.03,0.0475,0.04486,7.125190438380003e-05,OBSERVED_PER_PINNED_VENUE_SUMMED_TO_THE_UTC_DAY_OF_SETTLEMENT
2026-09-15,V12_LS_70_30,FARTCOIN,SHORT,-0.03,0.1387,0.1304,0.00030000000000000003,OBSERVED_PER_PINNED_VENUE_SUMMED_TO_THE_UTC_DAY_OF_SETTLEMENT
2026-09-15,V12_LS_70_30,HOME,SHORT,-0.03,0.005472,0.005055,0.0001517102408962,OBSERVED_PER_PINNED_VENUE_SUMMED_TO_THE_UTC_DAY_OF_SETTLEMENT
2026-09-15,V12_LS_70_30,LAB,SHORT,-0.03,0.05588,0.04723,0.0003600544263237,OBSERVED_PER_PINNED_VENUE_SUMMED_TO_THE_UTC_DAY_OF_SETTLEMENT
2026-09-15,V12_LS_70_30,MUBARAK,LONG,0.06999999999999999,0.029952,0.030864,0.0003698974317058,OBSERVED_PER_PINNED_VENUE_SUMMED_TO_THE_UTC_DAY_OF_SETTLEMENT
2026-09-15,V12_LS_70_30,TRIA,SHORT,-0.03,0.003685,0.00326,0.00030000000000000003,OBSERVED_PER_PINNED_VENUE_SUMMED_TO_THE_UTC_DAY_OF_SETTLEMENT
2026-09-15,V12_LS_70_30,UP,SHORT,-0.03,0.3335,0.2951,0.00030000000000000003,OBSERVED_PER_PINNED_VENUE_SUMMED_TO_THE_UTC_DAY_OF_SETTLEMENT
2026-09-15,V12_LS_70_30,USELESS,LONG,0.06999999999999999,0.21438,0.24456,0.00030000000000000003,OBSERVED_PER_PINNED_VENUE_SUMMED_TO_THE_UTC_DAY_OF_SETTLEMENT
2026-09-15,V12_LS_70_30,VVV,LONG,0.06999999999999999,23.128,23.387,0.00030000000000000003,OBSERVED_PER_PINNED_VENUE_SUMMED_TO_THE_UTC_DAY_OF_SETTLEMENT
2026-09-15,V12_LS_70_30,ZEC,LONG,0.06999999999999999,1122.61,1224.46,3.209180808700001e-06,OBSERVED_PER_PINNED_VENUE_SUMMED_TO_THE_UTC_DAY_OF_SETTLEMENT
2026-09-15,V12_LS_70_30_StopVol,BEAT,SHORT,-0.00948267106631072,0.0808,0.0795,0.00048482352811820005,OBSERVED_PER_PINNED_VENUE_SUMMED_TO_THE_UTC_DAY_OF_SETTLEMENT
2026-09-15,V12_LS_70_30_StopVol,EDEN,SHORT,-0.014945334468467587,0.0475,0.04486,7.125190438380003e-05,OBSERVED_PER_PINNED_VENUE_SUMMED_TO_THE_UTC_DAY_OF_SETTLEMENT
2026-09-15,V12_LS_70_30_StopVol,FARTCOIN,SHORT,-0.016864250191644982,0.1387,0.1304,0.00030000000000000003,OBSERVED_PER_PINNED_VENUE_SUMMED_TO_THE_UTC_DAY_OF_SETTLEMENT
2026-09-15,V12_LS_70_30_StopVol,HOME,SHORT,-0.028309351942281534,0.005472,0.005055,0.0001517102408962,OBSERVED_PER_PINNED_VENUE_SUMMED_TO_THE_UTC_DAY_OF_SETTLEMENT
2026-09-15,V12_LS_70_30_StopVol,LAB,SHORT,-0.008279148400754348,0.05588,0.04723,0.0003600544263237,OBSERVED_PER_PINNED_VENUE_SUMMED_TO_THE_UTC_DAY_OF_SETTLEMENT
2026-09-15,V12_LS_70_30_StopVol,MUBARAK,LONG,0.03214014210342389,0.029952,0.030864,0.0003698974317058,OBSERVED_PER_PINNED_VENUE_SUMMED_TO_THE_UTC_DAY_OF_SETTLEMENT
2026-09-15,V12_LS_70_30_StopVol,TRIA,SHORT,-0.011715620098045389,0.003685,0.00326,0.00030000000000000003,OBSERVED_PER_PINNED_VENUE_SUMMED_TO_THE_UTC_DAY_OF_SETTLEMENT
2026-09-15,V12_LS_70_30_StopVol,UP,SHORT,-0.01478189995087757,0.3335,0.2951,0.00030000000000000003,OBSERVED_PER_PINNED_VENUE_SUMMED_TO_THE_UTC_DAY_OF_SETTLEMENT
2026-09-15,V12_LS_70_30_StopVol,USELESS,LONG,0.01549091029123511,0.21438,0.24456,0.00030000000000000003,OBSERVED_PER_PINNED_VENUE_SUMMED_TO_THE_UTC_DAY_OF_SETTLEMENT
2026-09-15,V12_LS_70_30_StopVol,VVV,LONG,0.030675467097986932,23.128,23.387,0.00030000000000000003,OBSERVED_PER_PINNED_VENUE_SUMMED_TO_THE_UTC_DAY_OF_SETTLEMENT
2026-09-15,V12_LS_70_30_StopVol,ZEC,LONG,0.03261481866654567,1122.61,1224.46,3.209180808700001e-06,OBSERVED_PER_PINNED_VENUE_SUMMED_TO_THE_UTC_DAY_OF_SETTLEMENT
