execution_date,signal_date,strategy,symbol,side,score,vol30_daily,target_weight,selection_persistence_days,lookahead_guard
2026-09-08,2026-09-07,V12_LS_50_50,ARB,LONG,1.795359185386228,0.10051824248373299,0.05,2,signal_close_then_next_daily_open
2026-09-08,2026-09-07,V12_LS_50_50,DASH,LONG,1.2544497150285037,0.08040598136351514,0.05,2,signal_close_then_next_daily_open
2026-09-08,2026-09-07,V12_LS_50_50,LIT,LONG,1.1097049029996762,0.059702365462610145,0.05,2,signal_close_then_next_daily_open
2026-09-08,2026-09-07,V12_LS_50_50,MUBARAK,LONG,0.6577185557449725,0.15366298645130783,0.05,2,signal_close_then_next_daily_open
2026-09-08,2026-09-07,V12_LS_50_50,UNI,LONG,1.122561134099567,0.057193584048697337,0.05,2,signal_close_then_next_daily_open
2026-09-08,2026-09-07,V12_LS_50_50,USELESS,LONG,7.2511894777231145,0.17026952413817012,0.05,2,signal_close_then_next_daily_open
2026-09-08,2026-09-07,V12_LS_50_50,ZEC,LONG,1.2218846179830172,0.07876041659623621,0.05,2,signal_close_then_next_daily_open
2026-09-08,2026-09-07,V12_LS_50_50,APR,SHORT,-1.4224608504093377,0.39344324073405523,-0.05,2,signal_close_then_next_daily_open
2026-09-08,2026-09-07,V12_LS_50_50,BEAT,SHORT,-1.2519304636145498,0.17670178316166854,-0.05,2,signal_close_then_next_daily_open
2026-09-08,2026-09-07,V12_LS_50_50,BILL,SHORT,-1.2242779125473977,0.03801312621611081,-0.05,2,signal_close_then_next_daily_open
2026-09-08,2026-09-07,V12_LS_50_50,CAP,SHORT,-1.084866977650334,0.09125775389215944,-0.05,2,signal_close_then_next_daily_open
2026-09-08,2026-09-07,V12_LS_50_50,HOME,SHORT,-0.7115582364899277,0.048955183765425105,-0.05,2,signal_close_then_next_daily_open
2026-09-08,2026-09-07,V12_LS_50_50,JTO,SHORT,-0.7710949177320061,0.056833109030368215,-0.05,2,signal_close_then_next_daily_open
2026-09-08,2026-09-07,V12_LS_50_50,LAB,SHORT,-0.7639805660254253,0.055107209256297654,-0.05,2,signal_close_then_next_daily_open
2026-09-08,2026-09-07,V12_LS_50_50,PAXG,SHORT,-0.5915032701589321,0.01337233129577355,-0.05,2,signal_close_then_next_daily_open
2026-09-08,2026-09-07,V12_LS_50_50,TRIA,SHORT,-1.4144955853665258,0.09788269297762864,-0.05,2,signal_close_then_next_daily_open
2026-09-08,2026-09-07,V12_LS_50_50_StopVol,ARB,LONG,1.795359185386228,0.10051824248373299,0.019896885884407134,2,signal_close_then_next_daily_open
2026-09-08,2026-09-07,V12_LS_50_50_StopVol,DASH,LONG,1.2544497150285037,0.08040598136351514,0.02487377140461737,2,signal_close_then_next_daily_open
2026-09-08,2026-09-07,V12_LS_50_50_StopVol,LIT,LONG,1.1097049029996762,0.059702365462610145,0.033499510186954684,2,signal_close_then_next_daily_open
2026-09-08,2026-09-07,V12_LS_50_50_StopVol,MUBARAK,LONG,0.6577185557449725,0.15366298645130783,0.013015496094329476,2,signal_close_then_next_daily_open
2026-09-08,2026-09-07,V12_LS_50_50_StopVol,UNI,LONG,1.122561134099567,0.057193584048697337,0.03496895732740066,2,signal_close_then_next_daily_open
2026-09-08,2026-09-07,V12_LS_50_50_StopVol,USELESS,LONG,7.2511894777231145,0.17026952413817012,0.011746083217904824,2,signal_close_then_next_daily_open
2026-09-08,2026-09-07,V12_LS_50_50_StopVol,ZEC,LONG,1.2218846179830172,0.07876041659623621,0.025393466495396567,2,signal_close_then_next_daily_open
2026-09-08,2026-09-07,V12_LS_50_50_StopVol,APR,SHORT,-1.4224608504093377,0.39344324073405523,-0.005083325351500661,2,signal_close_then_next_daily_open
2026-09-08,2026-09-07,V12_LS_50_50_StopVol,BEAT,SHORT,-1.2519304636145498,0.17670178316166854,-0.011318504908182812,2,signal_close_then_next_daily_open
2026-09-08,2026-09-07,V12_LS_50_50_StopVol,BILL,SHORT,-1.2242779125473977,0.03801312621611081,-0.05,2,signal_close_then_next_daily_open
2026-09-08,2026-09-07,V12_LS_50_50_StopVol,CAP,SHORT,-1.084866977650334,0.09125775389215944,-0.021915945930067793,2,signal_close_then_next_daily_open
2026-09-08,2026-09-07,V12_LS_50_50_StopVol,HOME,SHORT,-0.7115582364899277,0.048955183765425105,-0.04085369201315331,2,signal_close_then_next_daily_open
2026-09-08,2026-09-07,V12_LS_50_50_StopVol,JTO,SHORT,-0.7710949177320061,0.056833109030368215,-0.035190754722415764,2,signal_close_then_next_daily_open
2026-09-08,2026-09-07,V12_LS_50_50_StopVol,LAB,SHORT,-0.7639805660254253,0.055107209256297654,-0.036292892109600704,2,signal_close_then_next_daily_open
2026-09-08,2026-09-07,V12_LS_50_50_StopVol,PAXG,SHORT,-0.5915032701589321,0.01337233129577355,-0.05,2,signal_close_then_next_daily_open
2026-09-08,2026-09-07,V12_LS_50_50_StopVol,TRIA,SHORT,-1.4144955853665258,0.09788269297762864,-0.020432621326194056,2,signal_close_then_next_daily_open
2026-09-08,2026-09-07,V12_LS_70_30,ARB,LONG,1.795359185386228,0.10051824248373299,0.06999999999999999,2,signal_close_then_next_daily_open
2026-09-08,2026-09-07,V12_LS_70_30,DASH,LONG,1.2544497150285037,0.08040598136351514,0.06999999999999999,2,signal_close_then_next_daily_open
2026-09-08,2026-09-07,V12_LS_70_30,LIT,LONG,1.1097049029996762,0.059702365462610145,0.06999999999999999,2,signal_close_then_next_daily_open
2026-09-08,2026-09-07,V12_LS_70_30,MUBARAK,LONG,0.6577185557449725,0.15366298645130783,0.06999999999999999,2,signal_close_then_next_daily_open
2026-09-08,2026-09-07,V12_LS_70_30,UNI,LONG,1.122561134099567,0.057193584048697337,0.06999999999999999,2,signal_close_then_next_daily_open
2026-09-08,2026-09-07,V12_LS_70_30,USELESS,LONG,7.2511894777231145,0.17026952413817012,0.06999999999999999,2,signal_close_then_next_daily_open
2026-09-08,2026-09-07,V12_LS_70_30,ZEC,LONG,1.2218846179830172,0.07876041659623621,0.06999999999999999,2,signal_close_then_next_daily_open
2026-09-08,2026-09-07,V12_LS_70_30,APR,SHORT,-1.4224608504093377,0.39344324073405523,-0.03,2,signal_close_then_next_daily_open
2026-09-08,2026-09-07,V12_LS_70_30,BEAT,SHORT,-1.2519304636145498,0.17670178316166854,-0.03,2,signal_close_then_next_daily_open
2026-09-08,2026-09-07,V12_LS_70_30,BILL,SHORT,-1.2242779125473977,0.03801312621611081,-0.03,2,signal_close_then_next_daily_open
2026-09-08,2026-09-07,V12_LS_70_30,CAP,SHORT,-1.084866977650334,0.09125775389215944,-0.03,2,signal_close_then_next_daily_open
2026-09-08,2026-09-07,V12_LS_70_30,HOME,SHORT,-0.7115582364899277,0.048955183765425105,-0.03,2,signal_close_then_next_daily_open
2026-09-08,2026-09-07,V12_LS_70_30,JTO,SHORT,-0.7710949177320061,0.056833109030368215,-0.03,2,signal_close_then_next_daily_open
2026-09-08,2026-09-07,V12_LS_70_30,LAB,SHORT,-0.7639805660254253,0.055107209256297654,-0.03,2,signal_close_then_next_daily_open
2026-09-08,2026-09-07,V12_LS_70_30,PAXG,SHORT,-0.5915032701589321,0.01337233129577355,-0.03,2,signal_close_then_next_daily_open
2026-09-08,2026-09-07,V12_LS_70_30,TRIA,SHORT,-1.4144955853665258,0.09788269297762864,-0.03,2,signal_close_then_next_daily_open
2026-09-08,2026-09-07,V12_LS_70_30_StopVol,ARB,LONG,1.795359185386228,0.10051824248373299,0.02785564023816998,2,signal_close_then_next_daily_open
2026-09-08,2026-09-07,V12_LS_70_30_StopVol,DASH,LONG,1.2544497150285037,0.08040598136351514,0.03482327996646432,2,signal_close_then_next_daily_open
2026-09-08,2026-09-07,V12_LS_70_30_StopVol,LIT,LONG,1.1097049029996762,0.059702365462610145,0.046899314261736554,2,signal_close_then_next_daily_open
2026-09-08,2026-09-07,V12_LS_70_30_StopVol,MUBARAK,LONG,0.6577185557449725,0.15366298645130783,0.018221694532061263,2,signal_close_then_next_daily_open
2026-09-08,2026-09-07,V12_LS_70_30_StopVol,UNI,LONG,1.122561134099567,0.057193584048697337,0.048956540258360916,2,signal_close_then_next_daily_open
2026-09-08,2026-09-07,V12_LS_70_30_StopVol,USELESS,LONG,7.2511894777231145,0.17026952413817012,0.016444516505066748,2,signal_close_then_next_daily_open
2026-09-08,2026-09-07,V12_LS_70_30_StopVol,ZEC,LONG,1.2218846179830172,0.07876041659623621,0.03555085309355519,2,signal_close_then_next_daily_open
2026-09-08,2026-09-07,V12_LS_70_30_StopVol,APR,SHORT,-1.4224608504093377,0.39344324073405523,-0.003049995210900396,2,signal_close_then_next_daily_open
2026-09-08,2026-09-07,V12_LS_70_30_StopVol,BEAT,SHORT,-1.2519304636145498,0.17670178316166854,-0.006791102944909686,2,signal_close_then_next_daily_open
2026-09-08,2026-09-07,V12_LS_70_30_StopVol,BILL,SHORT,-1.2242779125473977,0.03801312621611081,-0.03,2,signal_close_then_next_daily_open
2026-09-08,2026-09-07,V12_LS_70_30_StopVol,CAP,SHORT,-1.084866977650334,0.09125775389215944,-0.013149567558040675,2,signal_close_then_next_daily_open
2026-09-08,2026-09-07,V12_LS_70_30_StopVol,HOME,SHORT,-0.7115582364899277,0.048955183765425105,-0.024512215207891985,2,signal_close_then_next_daily_open
2026-09-08,2026-09-07,V12_LS_70_30_StopVol,JTO,SHORT,-0.7710949177320061,0.056833109030368215,-0.021114452833449458,2,signal_close_then_next_daily_open
2026-09-08,2026-09-07,V12_LS_70_30_StopVol,LAB,SHORT,-0.7639805660254253,0.055107209256297654,-0.02177573526576042,2,signal_close_then_next_daily_open
2026-09-08,2026-09-07,V12_LS_70_30_StopVol,PAXG,SHORT,-0.5915032701589321,0.01337233129577355,-0.03,2,signal_close_then_next_daily_open
2026-09-08,2026-09-07,V12_LS_70_30_StopVol,TRIA,SHORT,-1.4144955853665258,0.09788269297762864,-0.012259572795716434,2,signal_close_then_next_daily_open
2026-09-09,2026-09-08,V12_LS_50_50,ARB,LONG,1.4156309382790855,0.1008319966496151,0.05,2,signal_close_then_next_daily_open
2026-09-09,2026-09-08,V12_LS_50_50,DASH,LONG,1.1889130370627825,0.07996839732725773,0.05,2,signal_close_then_next_daily_open
2026-09-09,2026-09-08,V12_LS_50_50,LIT,LONG,1.0281132849466847,0.05963043727931456,0.05,2,signal_close_then_next_daily_open
2026-09-09,2026-09-08,V12_LS_50_50,UNI,LONG,0.7183293037755852,0.05737381254832535,0.05,2,signal_close_then_next_daily_open
2026-09-09,2026-09-08,V12_LS_50_50,USELESS,LONG,7.872662415692025,0.1713443391691576,0.05,2,signal_close_then_next_daily_open
2026-09-09,2026-09-08,V12_LS_50_50,ZEC,LONG,1.2443418200244,0.07860150438112612,0.05,2,signal_close_then_next_daily_open
2026-09-09,2026-09-08,V12_LS_50_50,BEAT,SHORT,-1.1691046301154693,0.16393715391921831,-0.05,2,signal_close_then_next_daily_open
2026-09-09,2026-09-08,V12_LS_50_50,BILL,SHORT,-1.0751223390361366,0.038414254331845525,-0.05,2,signal_close_then_next_daily_open
2026-09-09,2026-09-08,V12_LS_50_50,CAP,SHORT,-1.0610085533864833,0.09061335097275035,-0.05,2,signal_close_then_next_daily_open
2026-09-09,2026-09-08,V12_LS_50_50,HOME,SHORT,-0.5761318459724264,0.047919805627161104,-0.05,2,signal_close_then_next_daily_open
2026-09-09,2026-09-08,V12_LS_50_50,JTO,SHORT,-0.5357692824629353,0.05665958215771602,-0.05,2,signal_close_then_next_daily_open
2026-09-09,2026-09-08,V12_LS_50_50,LAB,SHORT,-0.6012632354707422,0.0547514396399132,-0.05,2,signal_close_then_next_daily_open
2026-09-09,2026-09-08,V12_LS_50_50,PAXG,SHORT,-0.5561795270044974,0.013661195765609209,-0.05,2,signal_close_then_next_daily_open
2026-09-09,2026-09-08,V12_LS_50_50,TRIA,SHORT,-1.0097747147618386,0.09787322999482087,-0.05,2,signal_close_then_next_daily_open
2026-09-09,2026-09-08,V12_LS_50_50_StopVol,ARB,LONG,1.4156309382790855,0.1008319966496151,0.019834973683501234,2,signal_close_then_next_daily_open
2026-09-09,2026-09-08,V12_LS_50_50_StopVol,DASH,LONG,1.1889130370627825,0.07996839732725773,0.025009879738058568,2,signal_close_then_next_daily_open
2026-09-09,2026-09-08,V12_LS_50_50_StopVol,LIT,LONG,1.0281132849466847,0.05963043727931456,0.03353991839153908,2,signal_close_then_next_daily_open
2026-09-09,2026-09-08,V12_LS_50_50_StopVol,UNI,LONG,0.7183293037755852,0.05737381254832535,0.034859109255035506,2,signal_close_then_next_daily_open
2026-09-09,2026-09-08,V12_LS_50_50_StopVol,USELESS,LONG,7.872662415692025,0.1713443391691576,0.01167240195793994,2,signal_close_then_next_daily_open
2026-09-09,2026-09-08,V12_LS_50_50_StopVol,ZEC,LONG,1.2443418200244,0.07860150438112612,0.025444805614690532,2,signal_close_then_next_daily_open
2026-09-09,2026-09-08,V12_LS_50_50_StopVol,BEAT,SHORT,-1.1691046301154693,0.16393715391921831,-0.012199797008709327,2,signal_close_then_next_daily_open
2026-09-09,2026-09-08,V12_LS_50_50_StopVol,BILL,SHORT,-1.0751223390361366,0.038414254331845525,-0.05,2,signal_close_then_next_daily_open
2026-09-09,2026-09-08,V12_LS_50_50_StopVol,CAP,SHORT,-1.0610085533864833,0.09061335097275035,-0.022071802648612443,2,signal_close_then_next_daily_open
2026-09-09,2026-09-08,V12_LS_50_50_StopVol,HOME,SHORT,-0.5761318459724264,0.047919805627161104,-0.04173639633601505,2,signal_close_then_next_daily_open
2026-09-09,2026-09-08,V12_LS_50_50_StopVol,JTO,SHORT,-0.5357692824629353,0.05665958215771602,-0.03529853069570574,2,signal_close_then_next_daily_open
2026-09-09,2026-09-08,V12_LS_50_50_StopVol,LAB,SHORT,-0.6012632354707422,0.0547514396399132,-0.03652871985017216,2,signal_close_then_next_daily_open
2026-09-09,2026-09-08,V12_LS_50_50_StopVol,PAXG,SHORT,-0.5561795270044974,0.013661195765609209,-0.05,2,signal_close_then_next_daily_open
2026-09-09,2026-09-08,V12_LS_50_50_StopVol,TRIA,SHORT,-1.0097747147618386,0.09787322999482087,-0.020434596877060597,2,signal_close_then_next_daily_open
2026-09-09,2026-09-08,V12_LS_70_30,ARB,LONG,1.4156309382790855,0.1008319966496151,0.06999999999999999,2,signal_close_then_next_daily_open
2026-09-09,2026-09-08,V12_LS_70_30,DASH,LONG,1.1889130370627825,0.07996839732725773,0.06999999999999999,2,signal_close_then_next_daily_open
2026-09-09,2026-09-08,V12_LS_70_30,LIT,LONG,1.0281132849466847,0.05963043727931456,0.06999999999999999,2,signal_close_then_next_daily_open
2026-09-09,2026-09-08,V12_LS_70_30,UNI,LONG,0.7183293037755852,0.05737381254832535,0.06999999999999999,2,signal_close_then_next_daily_open
2026-09-09,2026-09-08,V12_LS_70_30,USELESS,LONG,7.872662415692025,0.1713443391691576,0.06999999999999999,2,signal_close_then_next_daily_open
2026-09-09,2026-09-08,V12_LS_70_30,ZEC,LONG,1.2443418200244,0.07860150438112612,0.06999999999999999,2,signal_close_then_next_daily_open
2026-09-09,2026-09-08,V12_LS_70_30,BEAT,SHORT,-1.1691046301154693,0.16393715391921831,-0.03,2,signal_close_then_next_daily_open
2026-09-09,2026-09-08,V12_LS_70_30,BILL,SHORT,-1.0751223390361366,0.038414254331845525,-0.03,2,signal_close_then_next_daily_open
2026-09-09,2026-09-08,V12_LS_70_30,CAP,SHORT,-1.0610085533864833,0.09061335097275035,-0.03,2,signal_close_then_next_daily_open
2026-09-09,2026-09-08,V12_LS_70_30,HOME,SHORT,-0.5761318459724264,0.047919805627161104,-0.03,2,signal_close_then_next_daily_open
2026-09-09,2026-09-08,V12_LS_70_30,JTO,SHORT,-0.5357692824629353,0.05665958215771602,-0.03,2,signal_close_then_next_daily_open
2026-09-09,2026-09-08,V12_LS_70_30,LAB,SHORT,-0.6012632354707422,0.0547514396399132,-0.03,2,signal_close_then_next_daily_open
2026-09-09,2026-09-08,V12_LS_70_30,PAXG,SHORT,-0.5561795270044974,0.013661195765609209,-0.03,2,signal_close_then_next_daily_open
2026-09-09,2026-09-08,V12_LS_70_30,TRIA,SHORT,-1.0097747147618386,0.09787322999482087,-0.03,2,signal_close_then_next_daily_open
2026-09-09,2026-09-08,V12_LS_70_30_StopVol,ARB,LONG,1.4156309382790855,0.1008319966496151,0.027768963156901725,2,signal_close_then_next_daily_open
2026-09-09,2026-09-08,V12_LS_70_30_StopVol,DASH,LONG,1.1889130370627825,0.07996839732725773,0.03501383163328199,2,signal_close_then_next_daily_open
2026-09-09,2026-09-08,V12_LS_70_30_StopVol,LIT,LONG,1.0281132849466847,0.05963043727931456,0.04695588574815471,2,signal_close_then_next_daily_open
2026-09-09,2026-09-08,V12_LS_70_30_StopVol,UNI,LONG,0.7183293037755852,0.05737381254832535,0.0488027529570497,2,signal_close_then_next_daily_open
2026-09-09,2026-09-08,V12_LS_70_30_StopVol,USELESS,LONG,7.872662415692025,0.1713443391691576,0.016341362741115913,2,signal_close_then_next_daily_open
2026-09-09,2026-09-08,V12_LS_70_30_StopVol,ZEC,LONG,1.2443418200244,0.07860150438112612,0.035622727860566736,2,signal_close_then_next_daily_open
2026-09-09,2026-09-08,V12_LS_70_30_StopVol,BEAT,SHORT,-1.1691046301154693,0.16393715391921831,-0.007319878205225595,2,signal_close_then_next_daily_open
2026-09-09,2026-09-08,V12_LS_70_30_StopVol,BILL,SHORT,-1.0751223390361366,0.038414254331845525,-0.03,2,signal_close_then_next_daily_open
2026-09-09,2026-09-08,V12_LS_70_30_StopVol,CAP,SHORT,-1.0610085533864833,0.09061335097275035,-0.013243081589167465,2,signal_close_then_next_daily_open
2026-09-09,2026-09-08,V12_LS_70_30_StopVol,HOME,SHORT,-0.5761318459724264,0.047919805627161104,-0.025041837801609027,2,signal_close_then_next_daily_open
2026-09-09,2026-09-08,V12_LS_70_30_StopVol,JTO,SHORT,-0.5357692824629353,0.05665958215771602,-0.021179118417423443,2,signal_close_then_next_daily_open
2026-09-09,2026-09-08,V12_LS_70_30_StopVol,LAB,SHORT,-0.6012632354707422,0.0547514396399132,-0.021917231910103294,2,signal_close_then_next_daily_open
2026-09-09,2026-09-08,V12_LS_70_30_StopVol,PAXG,SHORT,-0.5561795270044974,0.013661195765609209,-0.03,2,signal_close_then_next_daily_open
2026-09-09,2026-09-08,V12_LS_70_30_StopVol,TRIA,SHORT,-1.0097747147618386,0.09787322999482087,-0.012260758126236357,2,signal_close_then_next_daily_open
2026-09-10,2026-09-09,V12_LS_50_50,ARB,LONG,1.2362248881001197,0.10333166488985654,0.05,2,signal_close_then_next_daily_open
2026-09-10,2026-09-09,V12_LS_50_50,DASH,LONG,1.3582658583620075,0.08139834036622895,0.05,2,signal_close_then_next_daily_open
2026-09-10,2026-09-09,V12_LS_50_50,DOT,LONG,0.7089036959792722,0.05225692676001716,0.05,2,signal_close_then_next_daily_open
2026-09-10,2026-09-09,V12_LS_50_50,LIT,LONG,0.9216954511618842,0.061756829244059785,0.05,2,signal_close_then_next_daily_open
2026-09-10,2026-09-09,V12_LS_50_50,SIGN,LONG,0.8528463858085301,0.02939900318399761,0.05,2,signal_close_then_next_daily_open
2026-09-10,2026-09-09,V12_LS_50_50,USELESS,LONG,6.68463889513274,0.17805871688481406,0.05,2,signal_close_then_next_daily_open
2026-09-10,2026-09-09,V12_LS_50_50,VVV,LONG,1.011364580395806,0.08722207469761042,0.05,2,signal_close_then_next_daily_open
2026-09-10,2026-09-09,V12_LS_50_50,ZEC,LONG,1.977822239328819,0.0779661032572714,0.05,2,signal_close_then_next_daily_open
2026-09-10,2026-09-09,V12_LS_50_50,BEAT,SHORT,-1.7421163238623574,0.14870496687834714,-0.05,2,signal_close_then_next_daily_open
2026-09-10,2026-09-09,V12_LS_50_50,BILL,SHORT,-1.2390869081368605,0.038870836044549814,-0.05,2,signal_close_then_next_daily_open
2026-09-10,2026-09-09,V12_LS_50_50,CAP,SHORT,-1.2149455150646784,0.08589051312413257,-0.05,2,signal_close_then_next_daily_open
2026-09-10,2026-09-09,V12_LS_50_50,HOME,SHORT,-0.6725193691345852,0.04756833717840059,-0.05,2,signal_close_then_next_daily_open
2026-09-10,2026-09-09,V12_LS_50_50,JTO,SHORT,-0.6869616465172511,0.0567638981316712,-0.05,2,signal_close_then_next_daily_open
2026-09-10,2026-09-09,V12_LS_50_50,LAB,SHORT,-1.3368896237958101,0.06938773738159543,-0.05,2,signal_close_then_next_daily_open
2026-09-10,2026-09-09,V12_LS_50_50,TRIA,SHORT,-1.3793255356398113,0.10142150683783091,-0.05,2,signal_close_then_next_daily_open
2026-09-10,2026-09-09,V12_LS_50_50_StopVol,ARB,LONG,1.2362248881001197,0.10333166488985654,0.019355151222346448,2,signal_close_then_next_daily_open
2026-09-10,2026-09-09,V12_LS_50_50_StopVol,DASH,LONG,1.3582658583620075,0.08139834036622895,0.024570525529163893,2,signal_close_then_next_daily_open
2026-09-10,2026-09-09,V12_LS_50_50_StopVol,DOT,LONG,0.7089036959792722,0.05225692676001716,0.03827243820105856,2,signal_close_then_next_daily_open
2026-09-10,2026-09-09,V12_LS_50_50_StopVol,LIT,LONG,0.9216954511618842,0.061756829244059785,0.03238508233795657,2,signal_close_then_next_daily_open
2026-09-10,2026-09-09,V12_LS_50_50_StopVol,SIGN,LONG,0.8528463858085301,0.02939900318399761,0.05,2,signal_close_then_next_daily_open
2026-09-10,2026-09-09,V12_LS_50_50_StopVol,USELESS,LONG,6.68463889513274,0.17805871688481406,0.011232249872348554,2,signal_close_then_next_daily_open
2026-09-10,2026-09-09,V12_LS_50_50_StopVol,VVV,LONG,1.011364580395806,0.08722207469761042,0.022929975088689252,2,signal_close_then_next_daily_open
2026-09-10,2026-09-09,V12_LS_50_50_StopVol,ZEC,LONG,1.977822239328819,0.0779661032572714,0.025652173399001738,2,signal_close_then_next_daily_open
2026-09-10,2026-09-09,V12_LS_50_50_StopVol,BEAT,SHORT,-1.7421163238623574,0.14870496687834714,-0.013449449887145762,2,signal_close_then_next_daily_open
2026-09-10,2026-09-09,V12_LS_50_50_StopVol,BILL,SHORT,-1.2390869081368605,0.038870836044549814,-0.05,2,signal_close_then_next_daily_open
2026-09-10,2026-09-09,V12_LS_50_50_StopVol,CAP,SHORT,-1.2149455150646784,0.08589051312413257,-0.023285458745711723,2,signal_close_then_next_daily_open
2026-09-10,2026-09-09,V12_LS_50_50_StopVol,HOME,SHORT,-0.6725193691345852,0.04756833717840059,-0.04204477428965381,2,signal_close_then_next_daily_open
2026-09-10,2026-09-09,V12_LS_50_50_StopVol,JTO,SHORT,-0.6869616465172511,0.0567638981316712,-0.03523366198989262,2,signal_close_then_next_daily_open
2026-09-10,2026-09-09,V12_LS_50_50_StopVol,LAB,SHORT,-1.3368896237958101,0.06938773738159543,-0.02882353677280281,2,signal_close_then_next_daily_open
2026-09-10,2026-09-09,V12_LS_50_50_StopVol,TRIA,SHORT,-1.3793255356398113,0.10142150683783091,-0.01971968335274217,2,signal_close_then_next_daily_open
2026-09-10,2026-09-09,V12_LS_70_30,ARB,LONG,1.2362248881001197,0.10333166488985654,0.06999999999999999,2,signal_close_then_next_daily_open
2026-09-10,2026-09-09,V12_LS_70_30,DASH,LONG,1.3582658583620075,0.08139834036622895,0.06999999999999999,2,signal_close_then_next_daily_open
2026-09-10,2026-09-09,V12_LS_70_30,DOT,LONG,0.7089036959792722,0.05225692676001716,0.06999999999999999,2,signal_close_then_next_daily_open
2026-09-10,2026-09-09,V12_LS_70_30,LIT,LONG,0.9216954511618842,0.061756829244059785,0.06999999999999999,2,signal_close_then_next_daily_open
2026-09-10,2026-09-09,V12_LS_70_30,SIGN,LONG,0.8528463858085301,0.02939900318399761,0.06999999999999999,2,signal_close_then_next_daily_open
2026-09-10,2026-09-09,V12_LS_70_30,USELESS,LONG,6.68463889513274,0.17805871688481406,0.06999999999999999,2,signal_close_then_next_daily_open
2026-09-10,2026-09-09,V12_LS_70_30,VVV,LONG,1.011364580395806,0.08722207469761042,0.06999999999999999,2,signal_close_then_next_daily_open
2026-09-10,2026-09-09,V12_LS_70_30,ZEC,LONG,1.977822239328819,0.0779661032572714,0.06999999999999999,2,signal_close_then_next_daily_open
2026-09-10,2026-09-09,V12_LS_70_30,BEAT,SHORT,-1.7421163238623574,0.14870496687834714,-0.03,2,signal_close_then_next_daily_open
2026-09-10,2026-09-09,V12_LS_70_30,BILL,SHORT,-1.2390869081368605,0.038870836044549814,-0.03,2,signal_close_then_next_daily_open
2026-09-10,2026-09-09,V12_LS_70_30,CAP,SHORT,-1.2149455150646784,0.08589051312413257,-0.03,2,signal_close_then_next_daily_open
2026-09-10,2026-09-09,V12_LS_70_30,HOME,SHORT,-0.6725193691345852,0.04756833717840059,-0.03,2,signal_close_then_next_daily_open
2026-09-10,2026-09-09,V12_LS_70_30,JTO,SHORT,-0.6869616465172511,0.0567638981316712,-0.03,2,signal_close_then_next_daily_open
2026-09-10,2026-09-09,V12_LS_70_30,LAB,SHORT,-1.3368896237958101,0.06938773738159543,-0.03,2,signal_close_then_next_daily_open
2026-09-10,2026-09-09,V12_LS_70_30,TRIA,SHORT,-1.3793255356398113,0.10142150683783091,-0.03,2,signal_close_then_next_daily_open
2026-09-10,2026-09-09,V12_LS_70_30_StopVol,ARB,LONG,1.2362248881001197,0.10333166488985654,0.02709721171128502,2,signal_close_then_next_daily_open
2026-09-10,2026-09-09,V12_LS_70_30_StopVol,DASH,LONG,1.3582658583620075,0.08139834036622895,0.034398735740829446,2,signal_close_then_next_daily_open
2026-09-10,2026-09-09,V12_LS_70_30_StopVol,DOT,LONG,0.7089036959792722,0.05225692676001716,0.053581413481481974,2,signal_close_then_next_daily_open
2026-09-10,2026-09-09,V12_LS_70_30_StopVol,LIT,LONG,0.9216954511618842,0.061756829244059785,0.04533911527313919,2,signal_close_then_next_daily_open
2026-09-10,2026-09-09,V12_LS_70_30_StopVol,SIGN,LONG,0.8528463858085301,0.02939900318399761,0.06999999999999999,2,signal_close_then_next_daily_open
2026-09-10,2026-09-09,V12_LS_70_30_StopVol,USELESS,LONG,6.68463889513274,0.17805871688481406,0.015725149821287976,2,signal_close_then_next_daily_open
2026-09-10,2026-09-09,V12_LS_70_30_StopVol,VVV,LONG,1.011364580395806,0.08722207469761042,0.032101965124164945,2,signal_close_then_next_daily_open
2026-09-10,2026-09-09,V12_LS_70_30_StopVol,ZEC,LONG,1.977822239328819,0.0779661032572714,0.03591304275860243,2,signal_close_then_next_daily_open
2026-09-10,2026-09-09,V12_LS_70_30_StopVol,BEAT,SHORT,-1.7421163238623574,0.14870496687834714,-0.008069669932287457,2,signal_close_then_next_daily_open
2026-09-10,2026-09-09,V12_LS_70_30_StopVol,BILL,SHORT,-1.2390869081368605,0.038870836044549814,-0.03,2,signal_close_then_next_daily_open
2026-09-10,2026-09-09,V12_LS_70_30_StopVol,CAP,SHORT,-1.2149455150646784,0.08589051312413257,-0.013971275247427032,2,signal_close_then_next_daily_open
2026-09-10,2026-09-09,V12_LS_70_30_StopVol,HOME,SHORT,-0.6725193691345852,0.04756833717840059,-0.02522686457379228,2,signal_close_then_next_daily_open
2026-09-10,2026-09-09,V12_LS_70_30_StopVol,JTO,SHORT,-0.6869616465172511,0.0567638981316712,-0.02114019719393557,2,signal_close_then_next_daily_open
2026-09-10,2026-09-09,V12_LS_70_30_StopVol,LAB,SHORT,-1.3368896237958101,0.06938773738159543,-0.017294122063681687,2,signal_close_then_next_daily_open
2026-09-10,2026-09-09,V12_LS_70_30_StopVol,TRIA,SHORT,-1.3793255356398113,0.10142150683783091,-0.011831810011645301,2,signal_close_then_next_daily_open
2026-09-11,2026-09-10,V12_LS_50_50,ARB,LONG,1.005019287195742,0.10457061577239098,0.05,2,signal_close_then_next_daily_open
2026-09-11,2026-09-10,V12_LS_50_50,DASH,LONG,1.0869834627228636,0.08339045179751461,0.05,2,signal_close_then_next_daily_open
2026-09-11,2026-09-10,V12_LS_50_50,DOT,LONG,0.8852274808364478,0.0523398415371363,0.05,2,signal_close_then_next_daily_open
2026-09-11,2026-09-10,V12_LS_50_50,NEAR,LONG,0.9783444577880438,0.049453585187842736,0.05,2,signal_close_then_next_daily_open
2026-09-11,2026-09-10,V12_LS_50_50,USELESS,LONG,6.2153747239557395,0.1775685095965299,0.05,2,signal_close_then_next_daily_open
2026-09-11,2026-09-10,V12_LS_50_50,VVV,LONG,1.5737005540922937,0.08680212448693687,0.05,2,signal_close_then_next_daily_open
2026-09-11,2026-09-10,V12_LS_50_50,ZEC,LONG,1.3403385691396814,0.08290163696806402,0.05,2,signal_close_then_next_daily_open
2026-09-11,2026-09-10,V12_LS_50_50,ZEN,LONG,0.7547530087787665,0.06662552142548417,0.05,2,signal_close_then_next_daily_open
2026-09-11,2026-09-10,V12_LS_50_50,BEAT,SHORT,-1.8597671287603184,0.1378009932386951,-0.05,2,signal_close_then_next_daily_open
2026-09-11,2026-09-10,V12_LS_50_50,BILL,SHORT,-1.2287958489840465,0.03935904928873305,-0.05,2,signal_close_then_next_daily_open
2026-09-11,2026-09-10,V12_LS_50_50,CAP,SHORT,-0.739569405996026,0.07829577380090187,-0.05,2,signal_close_then_next_daily_open
2026-09-11,2026-09-10,V12_LS_50_50,CASHCAT,SHORT,-1.1946443207816475,0.1463335419073006,-0.05,2,signal_close_then_next_daily_open
2026-09-11,2026-09-10,V12_LS_50_50,EDEN,SHORT,-0.6822619527529472,0.1442287923869488,-0.05,2,signal_close_then_next_daily_open
2026-09-11,2026-09-10,V12_LS_50_50,FARTCOIN,SHORT,-0.7924998413910505,0.07174470658018726,-0.05,2,signal_close_then_next_daily_open
2026-09-11,2026-09-10,V12_LS_50_50,HOME,SHORT,-0.6478677374096308,0.0475944465253747,-0.05,2,signal_close_then_next_daily_open
2026-09-11,2026-09-10,V12_LS_50_50,LAB,SHORT,-1.4456487112399188,0.07007466732647688,-0.05,2,signal_close_then_next_daily_open
2026-09-11,2026-09-10,V12_LS_50_50,TRIA,SHORT,-1.273759894327686,0.10139917025970456,-0.05,2,signal_close_then_next_daily_open
2026-09-11,2026-09-10,V12_LS_50_50_StopVol,ARB,LONG,1.005019287195742,0.10457061577239098,0.01912583171885697,2,signal_close_then_next_daily_open
2026-09-11,2026-09-10,V12_LS_50_50_StopVol,DASH,LONG,1.0869834627228636,0.08339045179751461,0.02398356114985827,2,signal_close_then_next_daily_open
2026-09-11,2026-09-10,V12_LS_50_50_StopVol,DOT,LONG,0.8852274808364478,0.0523398415371363,0.03821180846680544,2,signal_close_then_next_daily_open
2026-09-11,2026-09-10,V12_LS_50_50_StopVol,NEAR,LONG,0.9783444577880438,0.049453585187842736,0.040441961738532636,2,signal_close_then_next_daily_open
2026-09-11,2026-09-10,V12_LS_50_50_StopVol,USELESS,LONG,6.2153747239557395,0.1775685095965299,0.01126325835895333,2,signal_close_then_next_daily_open
2026-09-11,2026-09-10,V12_LS_50_50_StopVol,VVV,LONG,1.5737005540922937,0.08680212448693687,0.023040910712974386,2,signal_close_then_next_daily_open
2026-09-11,2026-09-10,V12_LS_50_50_StopVol,ZEC,LONG,1.3403385691396814,0.08290163696806402,0.02412497597327849,2,signal_close_then_next_daily_open
2026-09-11,2026-09-10,V12_LS_50_50_StopVol,ZEN,LONG,0.7547530087787665,0.06662552142548417,0.030018526792872542,2,signal_close_then_next_daily_open
2026-09-11,2026-09-10,V12_LS_50_50_StopVol,BEAT,SHORT,-1.8597671287603184,0.1378009932386951,-0.014513683486559889,2,signal_close_then_next_daily_open
2026-09-11,2026-09-10,V12_LS_50_50_StopVol,BILL,SHORT,-1.2287958489840465,0.03935904928873305,-0.05,2,signal_close_then_next_daily_open
2026-09-11,2026-09-10,V12_LS_50_50_StopVol,CAP,SHORT,-0.739569405996026,0.07829577380090187,-0.025544162895506917,2,signal_close_then_next_daily_open
2026-09-11,2026-09-10,V12_LS_50_50_StopVol,CASHCAT,SHORT,-1.1946443207816475,0.1463335419073006,-0.013667406487481597,2,signal_close_then_next_daily_open
2026-09-11,2026-09-10,V12_LS_50_50_StopVol,EDEN,SHORT,-0.6822619527529472,0.1442287923869488,-0.013866856727429544,2,signal_close_then_next_daily_open
2026-09-11,2026-09-10,V12_LS_50_50_StopVol,FARTCOIN,SHORT,-0.7924998413910505,0.07174470658018726,-0.027876621082346332,2,signal_close_then_next_daily_open
2026-09-11,2026-09-10,V12_LS_50_50_StopVol,HOME,SHORT,-0.6478677374096308,0.0475944465253747,-0.04202170938018392,2,signal_close_then_next_daily_open
2026-09-11,2026-09-10,V12_LS_50_50_StopVol,LAB,SHORT,-1.4456487112399188,0.07007466732647688,-0.02854098458551403,2,signal_close_then_next_daily_open
2026-09-11,2026-09-10,V12_LS_50_50_StopVol,TRIA,SHORT,-1.273759894327686,0.10139917025970456,-0.019724027276333527,2,signal_close_then_next_daily_open
2026-09-11,2026-09-10,V12_LS_70_30,ARB,LONG,1.005019287195742,0.10457061577239098,0.06999999999999999,2,signal_close_then_next_daily_open
2026-09-11,2026-09-10,V12_LS_70_30,DASH,LONG,1.0869834627228636,0.08339045179751461,0.06999999999999999,2,signal_close_then_next_daily_open
2026-09-11,2026-09-10,V12_LS_70_30,DOT,LONG,0.8852274808364478,0.0523398415371363,0.06999999999999999,2,signal_close_then_next_daily_open
2026-09-11,2026-09-10,V12_LS_70_30,NEAR,LONG,0.9783444577880438,0.049453585187842736,0.06999999999999999,2,signal_close_then_next_daily_open
2026-09-11,2026-09-10,V12_LS_70_30,USELESS,LONG,6.2153747239557395,0.1775685095965299,0.06999999999999999,2,signal_close_then_next_daily_open
2026-09-11,2026-09-10,V12_LS_70_30,VVV,LONG,1.5737005540922937,0.08680212448693687,0.06999999999999999,2,signal_close_then_next_daily_open
2026-09-11,2026-09-10,V12_LS_70_30,ZEC,LONG,1.3403385691396814,0.08290163696806402,0.06999999999999999,2,signal_close_then_next_daily_open
2026-09-11,2026-09-10,V12_LS_70_30,ZEN,LONG,0.7547530087787665,0.06662552142548417,0.06999999999999999,2,signal_close_then_next_daily_open
2026-09-11,2026-09-10,V12_LS_70_30,BEAT,SHORT,-1.8597671287603184,0.1378009932386951,-0.03,2,signal_close_then_next_daily_open
2026-09-11,2026-09-10,V12_LS_70_30,BILL,SHORT,-1.2287958489840465,0.03935904928873305,-0.03,2,signal_close_then_next_daily_open
2026-09-11,2026-09-10,V12_LS_70_30,CAP,SHORT,-0.739569405996026,0.07829577380090187,-0.03,2,signal_close_then_next_daily_open
2026-09-11,2026-09-10,V12_LS_70_30,CASHCAT,SHORT,-1.1946443207816475,0.1463335419073006,-0.03,2,signal_close_then_next_daily_open
2026-09-11,2026-09-10,V12_LS_70_30,EDEN,SHORT,-0.6822619527529472,0.1442287923869488,-0.03,2,signal_close_then_next_daily_open
2026-09-11,2026-09-10,V12_LS_70_30,FARTCOIN,SHORT,-0.7924998413910505,0.07174470658018726,-0.03,2,signal_close_then_next_daily_open
2026-09-11,2026-09-10,V12_LS_70_30,HOME,SHORT,-0.6478677374096308,0.0475944465253747,-0.03,2,signal_close_then_next_daily_open
2026-09-11,2026-09-10,V12_LS_70_30,LAB,SHORT,-1.4456487112399188,0.07007466732647688,-0.03,2,signal_close_then_next_daily_open
2026-09-11,2026-09-10,V12_LS_70_30,TRIA,SHORT,-1.273759894327686,0.10139917025970456,-0.03,2,signal_close_then_next_daily_open
2026-09-11,2026-09-10,V12_LS_70_30_StopVol,ARB,LONG,1.005019287195742,0.10457061577239098,0.026776164406399752,2,signal_close_then_next_daily_open
2026-09-11,2026-09-10,V12_LS_70_30_StopVol,DASH,LONG,1.0869834627228636,0.08339045179751461,0.033576985609801574,2,signal_close_then_next_daily_open
2026-09-11,2026-09-10,V12_LS_70_30_StopVol,DOT,LONG,0.8852274808364478,0.0523398415371363,0.05349653185352761,2,signal_close_then_next_daily_open
2026-09-11,2026-09-10,V12_LS_70_30_StopVol,NEAR,LONG,0.9783444577880438,0.049453585187842736,0.05661874643394568,2,signal_close_then_next_daily_open
2026-09-11,2026-09-10,V12_LS_70_30_StopVol,USELESS,LONG,6.2153747239557395,0.1775685095965299,0.015768561702534663,2,signal_close_then_next_daily_open
2026-09-11,2026-09-10,V12_LS_70_30_StopVol,VVV,LONG,1.5737005540922937,0.08680212448693687,0.03225727499816414,2,signal_close_then_next_daily_open
2026-09-11,2026-09-10,V12_LS_70_30_StopVol,ZEC,LONG,1.3403385691396814,0.08290163696806402,0.03377496636258988,2,signal_close_then_next_daily_open
2026-09-11,2026-09-10,V12_LS_70_30_StopVol,ZEN,LONG,0.7547530087787665,0.06662552142548417,0.04202593751002155,2,signal_close_then_next_daily_open
2026-09-11,2026-09-10,V12_LS_70_30_StopVol,BEAT,SHORT,-1.8597671287603184,0.1378009932386951,-0.008708210091935934,2,signal_close_then_next_daily_open
2026-09-11,2026-09-10,V12_LS_70_30_StopVol,BILL,SHORT,-1.2287958489840465,0.03935904928873305,-0.03,2,signal_close_then_next_daily_open
2026-09-11,2026-09-10,V12_LS_70_30_StopVol,CAP,SHORT,-0.739569405996026,0.07829577380090187,-0.01532649773730415,2,signal_close_then_next_daily_open
2026-09-11,2026-09-10,V12_LS_70_30_StopVol,CASHCAT,SHORT,-1.1946443207816475,0.1463335419073006,-0.008200443892488958,2,signal_close_then_next_daily_open
2026-09-11,2026-09-10,V12_LS_70_30_StopVol,EDEN,SHORT,-0.6822619527529472,0.1442287923869488,-0.008320114036457726,2,signal_close_then_next_daily_open
2026-09-11,2026-09-10,V12_LS_70_30_StopVol,FARTCOIN,SHORT,-0.7924998413910505,0.07174470658018726,-0.016725972649407797,2,signal_close_then_next_daily_open
2026-09-11,2026-09-10,V12_LS_70_30_StopVol,HOME,SHORT,-0.6478677374096308,0.0475944465253747,-0.025213025628110352,2,signal_close_then_next_daily_open
2026-09-11,2026-09-10,V12_LS_70_30_StopVol,LAB,SHORT,-1.4456487112399188,0.07007466732647688,-0.017124590751308417,2,signal_close_then_next_daily_open
2026-09-11,2026-09-10,V12_LS_70_30_StopVol,TRIA,SHORT,-1.273759894327686,0.10139917025970456,-0.011834416365800115,2,signal_close_then_next_daily_open
2026-09-12,2026-09-11,V12_LS_50_50,ARB,LONG,1.065966888668313,0.10296594767039231,0.05,2,signal_close_then_next_daily_open
2026-09-12,2026-09-11,V12_LS_50_50,DASH,LONG,0.7432655125861327,0.08314237625287184,0.05,2,signal_close_then_next_daily_open
2026-09-12,2026-09-11,V12_LS_50_50,ETHFI,LONG,0.9680381911293648,0.054825789849013394,0.05,2,signal_close_then_next_daily_open
2026-09-12,2026-09-11,V12_LS_50_50,MINA,LONG,2.5681675703855795,0.0549673647244161,0.05,2,signal_close_then_next_daily_open
2026-09-12,2026-09-11,V12_LS_50_50,USELESS,LONG,5.563824785122721,0.17746443012785593,0.05,2,signal_close_then_next_daily_open
2026-09-12,2026-09-11,V12_LS_50_50,VVV,LONG,1.3662918201862784,0.08729211323097064,0.05,2,signal_close_then_next_daily_open
2026-09-12,2026-09-11,V12_LS_50_50,ZEC,LONG,1.406806795986312,0.08332009778006702,0.05,2,signal_close_then_next_daily_open
2026-09-12,2026-09-11,V12_LS_50_50,BEAT,SHORT,-1.771693331119595,0.14916790391956414,-0.05,2,signal_close_then_next_daily_open
2026-09-12,2026-09-11,V12_LS_50_50,BILL,SHORT,-0.9962736404890767,0.04463126643150307,-0.05,2,signal_close_then_next_daily_open
2026-09-12,2026-09-11,V12_LS_50_50,CAP,SHORT,-0.8715442578733241,0.07834108954773832,-0.05,2,signal_close_then_next_daily_open
2026-09-12,2026-09-11,V12_LS_50_50,CASHCAT,SHORT,-1.1609226187465913,0.14393602215982043,-0.05,2,signal_close_then_next_daily_open
2026-09-12,2026-09-11,V12_LS_50_50,EDEN,SHORT,-0.8875104694816736,0.14414798503024567,-0.05,2,signal_close_then_next_daily_open
2026-09-12,2026-09-11,V12_LS_50_50,FARTCOIN,SHORT,-0.6802782841984433,0.07170166431416812,-0.05,2,signal_close_then_next_daily_open
2026-09-12,2026-09-11,V12_LS_50_50,HOME,SHORT,-0.6794209014404823,0.04800828302500975,-0.05,2,signal_close_then_next_daily_open
2026-09-12,2026-09-11,V12_LS_50_50,TRIA,SHORT,-1.5897510855682448,0.10226990761960122,-0.05,2,signal_close_then_next_daily_open
2026-09-12,2026-09-11,V12_LS_50_50_StopVol,ARB,LONG,1.065966888668313,0.10296594767039231,0.019423897368499594,2,signal_close_then_next_daily_open
2026-09-12,2026-09-11,V12_LS_50_50_StopVol,DASH,LONG,0.7432655125861327,0.08314237625287184,0.02405512195029328,2,signal_close_then_next_daily_open
2026-09-12,2026-09-11,V12_LS_50_50_StopVol,ETHFI,LONG,0.9680381911293648,0.054825789849013394,0.03647918261657275,2,signal_close_then_next_daily_open
2026-09-12,2026-09-11,V12_LS_50_50_StopVol,MINA,LONG,2.5681675703855795,0.0549673647244161,0.03638522621608627,2,signal_close_then_next_daily_open
2026-09-12,2026-09-11,V12_LS_50_50_StopVol,USELESS,LONG,5.563824785122721,0.17746443012785593,0.01126986404294698,2,signal_close_then_next_daily_open
2026-09-12,2026-09-11,V12_LS_50_50_StopVol,VVV,LONG,1.3662918201862784,0.08729211323097064,0.022911577300323782,2,signal_close_then_next_daily_open
2026-09-12,2026-09-11,V12_LS_50_50_StopVol,ZEC,LONG,1.406806795986312,0.08332009778006702,0.024003812444858504,2,signal_close_then_next_daily_open
2026-09-12,2026-09-11,V12_LS_50_50_StopVol,BEAT,SHORT,-1.771693331119595,0.14916790391956414,-0.013407710019700087,2,signal_close_then_next_daily_open
2026-09-12,2026-09-11,V12_LS_50_50_StopVol,BILL,SHORT,-0.9962736404890767,0.04463126643150307,-0.04481163453135392,2,signal_close_then_next_daily_open
2026-09-12,2026-09-11,V12_LS_50_50_StopVol,CAP,SHORT,-0.8715442578733241,0.07834108954773832,-0.02552938708851209,2,signal_close_then_next_daily_open
2026-09-12,2026-09-11,V12_LS_50_50_StopVol,CASHCAT,SHORT,-1.1609226187465913,0.14393602215982043,-0.013895062333870013,2,signal_close_then_next_daily_open
2026-09-12,2026-09-11,V12_LS_50_50_StopVol,EDEN,SHORT,-0.8875104694816736,0.14414798503024567,-0.01387463029455703,2,signal_close_then_next_daily_open
2026-09-12,2026-09-11,V12_LS_50_50_StopVol,FARTCOIN,SHORT,-0.6802782841984433,0.07170166431416812,-0.02789335532348032,2,signal_close_then_next_daily_open
2026-09-12,2026-09-11,V12_LS_50_50_StopVol,HOME,SHORT,-0.6794209014404823,0.04800828302500975,-0.04165947778132592,2,signal_close_then_next_daily_open
2026-09-12,2026-09-11,V12_LS_50_50_StopVol,TRIA,SHORT,-1.5897510855682448,0.10226990761960122,-0.019556094715946305,2,signal_close_then_next_daily_open
2026-09-12,2026-09-11,V12_LS_70_30,ARB,LONG,1.065966888668313,0.10296594767039231,0.06999999999999999,2,signal_close_then_next_daily_open
2026-09-12,2026-09-11,V12_LS_70_30,DASH,LONG,0.7432655125861327,0.08314237625287184,0.06999999999999999,2,signal_close_then_next_daily_open
2026-09-12,2026-09-11,V12_LS_70_30,ETHFI,LONG,0.9680381911293648,0.054825789849013394,0.06999999999999999,2,signal_close_then_next_daily_open
2026-09-12,2026-09-11,V12_LS_70_30,MINA,LONG,2.5681675703855795,0.0549673647244161,0.06999999999999999,2,signal_close_then_next_daily_open
2026-09-12,2026-09-11,V12_LS_70_30,USELESS,LONG,5.563824785122721,0.17746443012785593,0.06999999999999999,2,signal_close_then_next_daily_open
2026-09-12,2026-09-11,V12_LS_70_30,VVV,LONG,1.3662918201862784,0.08729211323097064,0.06999999999999999,2,signal_close_then_next_daily_open
2026-09-12,2026-09-11,V12_LS_70_30,ZEC,LONG,1.406806795986312,0.08332009778006702,0.06999999999999999,2,signal_close_then_next_daily_open
2026-09-12,2026-09-11,V12_LS_70_30,BEAT,SHORT,-1.771693331119595,0.14916790391956414,-0.03,2,signal_close_then_next_daily_open
2026-09-12,2026-09-11,V12_LS_70_30,BILL,SHORT,-0.9962736404890767,0.04463126643150307,-0.03,2,signal_close_then_next_daily_open
2026-09-12,2026-09-11,V12_LS_70_30,CAP,SHORT,-0.8715442578733241,0.07834108954773832,-0.03,2,signal_close_then_next_daily_open
2026-09-12,2026-09-11,V12_LS_70_30,CASHCAT,SHORT,-1.1609226187465913,0.14393602215982043,-0.03,2,signal_close_then_next_daily_open
2026-09-12,2026-09-11,V12_LS_70_30,EDEN,SHORT,-0.8875104694816736,0.14414798503024567,-0.03,2,signal_close_then_next_daily_open
2026-09-12,2026-09-11,V12_LS_70_30,FARTCOIN,SHORT,-0.6802782841984433,0.07170166431416812,-0.03,2,signal_close_then_next_daily_open
2026-09-12,2026-09-11,V12_LS_70_30,HOME,SHORT,-0.6794209014404823,0.04800828302500975,-0.03,2,signal_close_then_next_daily_open
2026-09-12,2026-09-11,V12_LS_70_30,TRIA,SHORT,-1.5897510855682448,0.10226990761960122,-0.03,2,signal_close_then_next_daily_open
2026-09-12,2026-09-11,V12_LS_70_30_StopVol,ARB,LONG,1.065966888668313,0.10296594767039231,0.027193456315899426,2,signal_close_then_next_daily_open
2026-09-12,2026-09-11,V12_LS_70_30_StopVol,DASH,LONG,0.7432655125861327,0.08314237625287184,0.033677170730410586,2,signal_close_then_next_daily_open
2026-09-12,2026-09-11,V12_LS_70_30_StopVol,ETHFI,LONG,0.9680381911293648,0.054825789849013394,0.05107085566320184,2,signal_close_then_next_daily_open
2026-09-12,2026-09-11,V12_LS_70_30_StopVol,MINA,LONG,2.5681675703855795,0.0549673647244161,0.05093931670252076,2,signal_close_then_next_daily_open
2026-09-12,2026-09-11,V12_LS_70_30_StopVol,USELESS,LONG,5.563824785122721,0.17746443012785593,0.01577780966012577,2,signal_close_then_next_daily_open
2026-09-12,2026-09-11,V12_LS_70_30_StopVol,VVV,LONG,1.3662918201862784,0.08729211323097064,0.03207620822045329,2,signal_close_then_next_daily_open
2026-09-12,2026-09-11,V12_LS_70_30_StopVol,ZEC,LONG,1.406806795986312,0.08332009778006702,0.0336053374228019,2,signal_close_then_next_daily_open
2026-09-12,2026-09-11,V12_LS_70_30_StopVol,BEAT,SHORT,-1.771693331119595,0.14916790391956414,-0.008044626011820051,2,signal_close_then_next_daily_open
2026-09-12,2026-09-11,V12_LS_70_30_StopVol,BILL,SHORT,-0.9962736404890767,0.04463126643150307,-0.026886980718812348,2,signal_close_then_next_daily_open
2026-09-12,2026-09-11,V12_LS_70_30_StopVol,CAP,SHORT,-0.8715442578733241,0.07834108954773832,-0.015317632253107253,2,signal_close_then_next_daily_open
2026-09-12,2026-09-11,V12_LS_70_30_StopVol,CASHCAT,SHORT,-1.1609226187465913,0.14393602215982043,-0.008337037400322007,2,signal_close_then_next_daily_open
2026-09-12,2026-09-11,V12_LS_70_30_StopVol,EDEN,SHORT,-0.8875104694816736,0.14414798503024567,-0.008324778176734217,2,signal_close_then_next_daily_open
2026-09-12,2026-09-11,V12_LS_70_30_StopVol,FARTCOIN,SHORT,-0.6802782841984433,0.07170166431416812,-0.01673601319408819,2,signal_close_then_next_daily_open
2026-09-12,2026-09-11,V12_LS_70_30_StopVol,HOME,SHORT,-0.6794209014404823,0.04800828302500975,-0.024995686668795553,2,signal_close_then_next_daily_open
2026-09-12,2026-09-11,V12_LS_70_30_StopVol,TRIA,SHORT,-1.5897510855682448,0.10226990761960122,-0.011733656829567781,2,signal_close_then_next_daily_open
2026-09-13,2026-09-12,V12_LS_50_50,ARB,LONG,0.6844284453209504,0.10300709767636129,0.05,2,signal_close_then_next_daily_open
2026-09-13,2026-09-12,V12_LS_50_50,ETHFI,LONG,1.025857310862885,0.04746992203750299,0.05,2,signal_close_then_next_daily_open
2026-09-13,2026-09-12,V12_LS_50_50,MINA,LONG,2.3658352898603563,0.055056336723398096,0.05,2,signal_close_then_next_daily_open
2026-09-13,2026-09-12,V12_LS_50_50,UNI,LONG,0.6687244398978942,0.05846750665309727,0.05,2,signal_close_then_next_daily_open
2026-09-13,2026-09-12,V12_LS_50_50,USELESS,LONG,5.649811677655881,0.1772463998406877,0.05,2,signal_close_then_next_daily_open
2026-09-13,2026-09-12,V12_LS_50_50,VVV,LONG,1.5319071196384821,0.08721167452815745,0.05,2,signal_close_then_next_daily_open
2026-09-13,2026-09-12,V12_LS_50_50,ZEC,LONG,1.1750610152125607,0.0840675045355972,0.05,2,signal_close_then_next_daily_open
2026-09-13,2026-09-12,V12_LS_50_50,BEAT,SHORT,-1.9073319724839266,0.14819580132881688,-0.05,2,signal_close_then_next_daily_open
2026-09-13,2026-09-12,V12_LS_50_50,BILL,SHORT,-1.030456255953936,0.04490979601393105,-0.05,2,signal_close_then_next_daily_open
2026-09-13,2026-09-12,V12_LS_50_50,CAP,SHORT,-0.8091729805208318,0.07819778389403828,-0.05,2,signal_close_then_next_daily_open
2026-09-13,2026-09-12,V12_LS_50_50,CASHCAT,SHORT,-1.1097427168376917,0.14364602243851327,-0.05,2,signal_close_then_next_daily_open
2026-09-13,2026-09-12,V12_LS_50_50,FARTCOIN,SHORT,-0.7410556757730573,0.0706572743183686,-0.05,2,signal_close_then_next_daily_open
2026-09-13,2026-09-12,V12_LS_50_50,HOME,SHORT,-0.710175597177096,0.045948054667765435,-0.05,2,signal_close_then_next_daily_open
2026-09-13,2026-09-12,V12_LS_50_50,RAVE,SHORT,-1.0489065386152492,0.05025971160142149,-0.05,2,signal_close_then_next_daily_open
2026-09-13,2026-09-12,V12_LS_50_50,TRIA,SHORT,-1.4725630969705168,0.10227188275578905,-0.05,2,signal_close_then_next_daily_open
2026-09-13,2026-09-12,V12_LS_50_50_StopVol,ARB,LONG,0.6844284453209504,0.10300709767636129,0.019416137772212686,2,signal_close_then_next_daily_open
2026-09-13,2026-09-12,V12_LS_50_50_StopVol,ETHFI,LONG,1.025857310862885,0.04746992203750299,0.04213194195726562,2,signal_close_then_next_daily_open
2026-09-13,2026-09-12,V12_LS_50_50_StopVol,MINA,LONG,2.3658352898603563,0.055056336723398096,0.03632642705685195,2,signal_close_then_next_daily_open
2026-09-13,2026-09-12,V12_LS_50_50_StopVol,UNI,LONG,0.6687244398978942,0.05846750665309727,0.034207034205623196,2,signal_close_then_next_daily_open
2026-09-13,2026-09-12,V12_LS_50_50_StopVol,USELESS,LONG,5.649811677655881,0.1772463998406877,0.011283727070324906,2,signal_close_then_next_daily_open
2026-09-13,2026-09-12,V12_LS_50_50_StopVol,VVV,LONG,1.5319071196384821,0.08721167452815745,0.022932709534825794,2,signal_close_then_next_daily_open
2026-09-13,2026-09-12,V12_LS_50_50_StopVol,ZEC,LONG,1.1750610152125607,0.0840675045355972,0.023790405235034996,2,signal_close_then_next_daily_open
2026-09-13,2026-09-12,V12_LS_50_50_StopVol,BEAT,SHORT,-1.9073319724839266,0.14819580132881688,-0.013495659000233074,2,signal_close_then_next_daily_open
2026-09-13,2026-09-12,V12_LS_50_50_StopVol,BILL,SHORT,-1.030456255953936,0.04490979601393105,-0.044533713744315355,2,signal_close_then_next_daily_open
2026-09-13,2026-09-12,V12_LS_50_50_StopVol,CAP,SHORT,-0.8091729805208318,0.07819778389403828,-0.025576172372225987,2,signal_close_then_next_daily_open
2026-09-13,2026-09-12,V12_LS_50_50_StopVol,CASHCAT,SHORT,-1.1097427168376917,0.14364602243851327,-0.013923114375520471,2,signal_close_then_next_daily_open
2026-09-13,2026-09-12,V12_LS_50_50_StopVol,FARTCOIN,SHORT,-0.7410556757730573,0.0706572743183686,-0.028305648912925377,2,signal_close_then_next_daily_open
2026-09-13,2026-09-12,V12_LS_50_50_StopVol,HOME,SHORT,-0.710175597177096,0.045948054667765435,-0.04352741404312569,2,signal_close_then_next_daily_open
2026-09-13,2026-09-12,V12_LS_50_50_StopVol,RAVE,SHORT,-1.0489065386152492,0.05025971160142149,-0.03979330434405904,2,signal_close_then_next_daily_open
2026-09-13,2026-09-12,V12_LS_50_50_StopVol,TRIA,SHORT,-1.4725630969705168,0.10227188275578905,-0.019555717036868484,2,signal_close_then_next_daily_open
2026-09-13,2026-09-12,V12_LS_70_30,ARB,LONG,0.6844284453209504,0.10300709767636129,0.06999999999999999,2,signal_close_then_next_daily_open
2026-09-13,2026-09-12,V12_LS_70_30,ETHFI,LONG,1.025857310862885,0.04746992203750299,0.06999999999999999,2,signal_close_then_next_daily_open
2026-09-13,2026-09-12,V12_LS_70_30,MINA,LONG,2.3658352898603563,0.055056336723398096,0.06999999999999999,2,signal_close_then_next_daily_open
2026-09-13,2026-09-12,V12_LS_70_30,UNI,LONG,0.6687244398978942,0.05846750665309727,0.06999999999999999,2,signal_close_then_next_daily_open
2026-09-13,2026-09-12,V12_LS_70_30,USELESS,LONG,5.649811677655881,0.1772463998406877,0.06999999999999999,2,signal_close_then_next_daily_open
2026-09-13,2026-09-12,V12_LS_70_30,VVV,LONG,1.5319071196384821,0.08721167452815745,0.06999999999999999,2,signal_close_then_next_daily_open
2026-09-13,2026-09-12,V12_LS_70_30,ZEC,LONG,1.1750610152125607,0.0840675045355972,0.06999999999999999,2,signal_close_then_next_daily_open
2026-09-13,2026-09-12,V12_LS_70_30,BEAT,SHORT,-1.9073319724839266,0.14819580132881688,-0.03,2,signal_close_then_next_daily_open
2026-09-13,2026-09-12,V12_LS_70_30,BILL,SHORT,-1.030456255953936,0.04490979601393105,-0.03,2,signal_close_then_next_daily_open
2026-09-13,2026-09-12,V12_LS_70_30,CAP,SHORT,-0.8091729805208318,0.07819778389403828,-0.03,2,signal_close_then_next_daily_open
2026-09-13,2026-09-12,V12_LS_70_30,CASHCAT,SHORT,-1.1097427168376917,0.14364602243851327,-0.03,2,signal_close_then_next_daily_open
2026-09-13,2026-09-12,V12_LS_70_30,FARTCOIN,SHORT,-0.7410556757730573,0.0706572743183686,-0.03,2,signal_close_then_next_daily_open
2026-09-13,2026-09-12,V12_LS_70_30,HOME,SHORT,-0.710175597177096,0.045948054667765435,-0.03,2,signal_close_then_next_daily_open
2026-09-13,2026-09-12,V12_LS_70_30,RAVE,SHORT,-1.0489065386152492,0.05025971160142149,-0.03,2,signal_close_then_next_daily_open
2026-09-13,2026-09-12,V12_LS_70_30,TRIA,SHORT,-1.4725630969705168,0.10227188275578905,-0.03,2,signal_close_then_next_daily_open
2026-09-13,2026-09-12,V12_LS_70_30_StopVol,ARB,LONG,0.6844284453209504,0.10300709767636129,0.027182592881097756,2,signal_close_then_next_daily_open
2026-09-13,2026-09-12,V12_LS_70_30_StopVol,ETHFI,LONG,1.025857310862885,0.04746992203750299,0.05898471874017186,2,signal_close_then_next_daily_open
2026-09-13,2026-09-12,V12_LS_70_30_StopVol,MINA,LONG,2.3658352898603563,0.055056336723398096,0.05085699787959272,2,signal_close_then_next_daily_open
2026-09-13,2026-09-12,V12_LS_70_30_StopVol,UNI,LONG,0.6687244398978942,0.05846750665309727,0.04788984788787247,2,signal_close_then_next_daily_open
2026-09-13,2026-09-12,V12_LS_70_30_StopVol,USELESS,LONG,5.649811677655881,0.1772463998406877,0.01579721789845487,2,signal_close_then_next_daily_open
2026-09-13,2026-09-12,V12_LS_70_30_StopVol,VVV,LONG,1.5319071196384821,0.08721167452815745,0.03210579334875611,2,signal_close_then_next_daily_open
2026-09-13,2026-09-12,V12_LS_70_30_StopVol,ZEC,LONG,1.1750610152125607,0.0840675045355972,0.03330656732904899,2,signal_close_then_next_daily_open
2026-09-13,2026-09-12,V12_LS_70_30_StopVol,BEAT,SHORT,-1.9073319724839266,0.14819580132881688,-0.008097395400139843,2,signal_close_then_next_daily_open
2026-09-13,2026-09-12,V12_LS_70_30_StopVol,BILL,SHORT,-1.030456255953936,0.04490979601393105,-0.02672022824658921,2,signal_close_then_next_daily_open
2026-09-13,2026-09-12,V12_LS_70_30_StopVol,CAP,SHORT,-0.8091729805208318,0.07819778389403828,-0.015345703423335591,2,signal_close_then_next_daily_open
2026-09-13,2026-09-12,V12_LS_70_30_StopVol,CASHCAT,SHORT,-1.1097427168376917,0.14364602243851327,-0.008353868625312282,2,signal_close_then_next_daily_open
2026-09-13,2026-09-12,V12_LS_70_30_StopVol,FARTCOIN,SHORT,-0.7410556757730573,0.0706572743183686,-0.016983389347755225,2,signal_close_then_next_daily_open
2026-09-13,2026-09-12,V12_LS_70_30_StopVol,HOME,SHORT,-0.710175597177096,0.045948054667765435,-0.026116448425875412,2,signal_close_then_next_daily_open
2026-09-13,2026-09-12,V12_LS_70_30_StopVol,RAVE,SHORT,-1.0489065386152492,0.05025971160142149,-0.023875982606435423,2,signal_close_then_next_daily_open
2026-09-13,2026-09-12,V12_LS_70_30_StopVol,TRIA,SHORT,-1.4725630969705168,0.10227188275578905,-0.01173343022212109,2,signal_close_then_next_daily_open
2026-09-14,2026-09-13,V12_LS_50_50,ARB,LONG,0.6430165212213235,0.103835541774227,0.05,2,signal_close_then_next_daily_open
2026-09-14,2026-09-13,V12_LS_50_50,MUBARAK,LONG,0.8429391210550161,0.08808537370546696,0.05,2,signal_close_then_next_daily_open
2026-09-14,2026-09-13,V12_LS_50_50,PENDLE,LONG,0.6159811985247227,0.047919643354608084,0.05,2,signal_close_then_next_daily_open
2026-09-14,2026-09-13,V12_LS_50_50,REZ,LONG,1.8363867327290804,0.054230390901224654,0.05,2,signal_close_then_next_daily_open
2026-09-14,2026-09-13,V12_LS_50_50,USELESS,LONG,5.499963474070857,0.17944971798926032,0.05,2,signal_close_then_next_daily_open
2026-09-14,2026-09-13,V12_LS_50_50,VVV,LONG,1.1060676995834655,0.09092104090373372,0.05,2,signal_close_then_next_daily_open
2026-09-14,2026-09-13,V12_LS_50_50,ZEC,LONG,0.8263164913232391,0.08537817422608827,0.05,2,signal_close_then_next_daily_open
2026-09-14,2026-09-13,V12_LS_50_50,BEAT,SHORT,-2.0534727703027293,0.1435702575809985,-0.05,2,signal_close_then_next_daily_open
2026-09-14,2026-09-13,V12_LS_50_50,BILL,SHORT,-1.1118018113904127,0.044733366124196296,-0.05,2,signal_close_then_next_daily_open
2026-09-14,2026-09-13,V12_LS_50_50,CASHCAT,SHORT,-0.9212572882467974,0.13950045305616918,-0.05,2,signal_close_then_next_daily_open
2026-09-14,2026-09-13,V12_LS_50_50,FARTCOIN,SHORT,-0.7925080941371981,0.07095643271882988,-0.05,2,signal_close_then_next_daily_open
2026-09-14,2026-09-13,V12_LS_50_50,HOME,SHORT,-0.7635689129239018,0.0459420218569426,-0.05,2,signal_close_then_next_daily_open
2026-09-14,2026-09-13,V12_LS_50_50,LAB,SHORT,-1.3333098506620988,0.1437069530204013,-0.05,2,signal_close_then_next_daily_open
2026-09-14,2026-09-13,V12_LS_50_50,RAVE,SHORT,-1.2392633129102362,0.05143054576684641,-0.05,2,signal_close_then_next_daily_open
2026-09-14,2026-09-13,V12_LS_50_50,TRIA,SHORT,-1.5188246142593198,0.1026106454975546,-0.05,2,signal_close_then_next_daily_open
2026-09-14,2026-09-13,V12_LS_50_50,UP,SHORT,-1.1400448658732956,0.08135502653553336,-0.05,2,signal_close_then_next_daily_open
2026-09-14,2026-09-13,V12_LS_50_50_StopVol,ARB,LONG,0.6430165212213235,0.103835541774227,0.019261227570311765,2,signal_close_then_next_daily_open
2026-09-14,2026-09-13,V12_LS_50_50_StopVol,MUBARAK,LONG,0.8429391210550161,0.08808537370546696,0.022705245103318117,2,signal_close_then_next_daily_open
2026-09-14,2026-09-13,V12_LS_50_50_StopVol,PENDLE,LONG,0.6159811985247227,0.047919643354608084,0.04173653766994647,2,signal_close_then_next_daily_open
2026-09-14,2026-09-13,V12_LS_50_50_StopVol,REZ,LONG,1.8363867327290804,0.054230390901224654,0.036879689907506,2,signal_close_then_next_daily_open
2026-09-14,2026-09-13,V12_LS_50_50_StopVol,USELESS,LONG,5.499963474070857,0.17944971798926032,0.011145183299311152,2,signal_close_then_next_daily_open
2026-09-14,2026-09-13,V12_LS_50_50_StopVol,VVV,LONG,1.1060676995834655,0.09092104090373372,0.02199710848138639,2,signal_close_then_next_daily_open
2026-09-14,2026-09-13,V12_LS_50_50_StopVol,ZEC,LONG,0.8263164913232391,0.08537817422608827,0.023425190549329847,2,signal_close_then_next_daily_open
2026-09-14,2026-09-13,V12_LS_50_50_StopVol,BEAT,SHORT,-2.0534727703027293,0.1435702575809985,-0.013930461877674445,2,signal_close_then_next_daily_open
2026-09-14,2026-09-13,V12_LS_50_50_StopVol,BILL,SHORT,-1.1118018113904127,0.044733366124196296,-0.04470935619839705,2,signal_close_then_next_daily_open
2026-09-14,2026-09-13,V12_LS_50_50_StopVol,CASHCAT,SHORT,-0.9212572882467974,0.13950045305616918,-0.014336871000660549,2,signal_close_then_next_daily_open
2026-09-14,2026-09-13,V12_LS_50_50_StopVol,FARTCOIN,SHORT,-0.7925080941371981,0.07095643271882988,-0.028186309871652483,2,signal_close_then_next_daily_open
2026-09-14,2026-09-13,V12_LS_50_50_StopVol,HOME,SHORT,-0.7635689129239018,0.0459420218569426,-0.04353312978318056,2,signal_close_then_next_daily_open
2026-09-14,2026-09-13,V12_LS_50_50_StopVol,LAB,SHORT,-1.3333098506620988,0.1437069530204013,-0.01391721108801236,2,signal_close_then_next_daily_open
2026-09-14,2026-09-13,V12_LS_50_50_StopVol,RAVE,SHORT,-1.2392633129102362,0.05143054576684641,-0.03888739600522103,2,signal_close_then_next_daily_open
2026-09-14,2026-09-13,V12_LS_50_50_StopVol,TRIA,SHORT,-1.5188246142593198,0.1026106454975546,-0.019491155038564335,2,signal_close_then_next_daily_open
2026-09-14,2026-09-13,V12_LS_50_50_StopVol,UP,SHORT,-1.1400448658732956,0.08135502653553336,-0.024583607002161837,2,signal_close_then_next_daily_open
2026-09-14,2026-09-13,V12_LS_70_30,ARB,LONG,0.6430165212213235,0.103835541774227,0.06999999999999999,2,signal_close_then_next_daily_open
2026-09-14,2026-09-13,V12_LS_70_30,MUBARAK,LONG,0.8429391210550161,0.08808537370546696,0.06999999999999999,2,signal_close_then_next_daily_open
2026-09-14,2026-09-13,V12_LS_70_30,PENDLE,LONG,0.6159811985247227,0.047919643354608084,0.06999999999999999,2,signal_close_then_next_daily_open
2026-09-14,2026-09-13,V12_LS_70_30,REZ,LONG,1.8363867327290804,0.054230390901224654,0.06999999999999999,2,signal_close_then_next_daily_open
2026-09-14,2026-09-13,V12_LS_70_30,USELESS,LONG,5.499963474070857,0.17944971798926032,0.06999999999999999,2,signal_close_then_next_daily_open
2026-09-14,2026-09-13,V12_LS_70_30,VVV,LONG,1.1060676995834655,0.09092104090373372,0.06999999999999999,2,signal_close_then_next_daily_open
2026-09-14,2026-09-13,V12_LS_70_30,ZEC,LONG,0.8263164913232391,0.08537817422608827,0.06999999999999999,2,signal_close_then_next_daily_open
2026-09-14,2026-09-13,V12_LS_70_30,BEAT,SHORT,-2.0534727703027293,0.1435702575809985,-0.03,2,signal_close_then_next_daily_open
2026-09-14,2026-09-13,V12_LS_70_30,BILL,SHORT,-1.1118018113904127,0.044733366124196296,-0.03,2,signal_close_then_next_daily_open
2026-09-14,2026-09-13,V12_LS_70_30,CASHCAT,SHORT,-0.9212572882467974,0.13950045305616918,-0.03,2,signal_close_then_next_daily_open
2026-09-14,2026-09-13,V12_LS_70_30,FARTCOIN,SHORT,-0.7925080941371981,0.07095643271882988,-0.03,2,signal_close_then_next_daily_open
2026-09-14,2026-09-13,V12_LS_70_30,HOME,SHORT,-0.7635689129239018,0.0459420218569426,-0.03,2,signal_close_then_next_daily_open
2026-09-14,2026-09-13,V12_LS_70_30,LAB,SHORT,-1.3333098506620988,0.1437069530204013,-0.03,2,signal_close_then_next_daily_open
2026-09-14,2026-09-13,V12_LS_70_30,RAVE,SHORT,-1.2392633129102362,0.05143054576684641,-0.03,2,signal_close_then_next_daily_open
2026-09-14,2026-09-13,V12_LS_70_30,TRIA,SHORT,-1.5188246142593198,0.1026106454975546,-0.03,2,signal_close_then_next_daily_open
2026-09-14,2026-09-13,V12_LS_70_30,UP,SHORT,-1.1400448658732956,0.08135502653553336,-0.03,2,signal_close_then_next_daily_open
2026-09-14,2026-09-13,V12_LS_70_30_StopVol,ARB,LONG,0.6430165212213235,0.103835541774227,0.026965718598436467,2,signal_close_then_next_daily_open
2026-09-14,2026-09-13,V12_LS_70_30_StopVol,MUBARAK,LONG,0.8429391210550161,0.08808537370546696,0.03178734314464536,2,signal_close_then_next_daily_open
2026-09-14,2026-09-13,V12_LS_70_30_StopVol,PENDLE,LONG,0.6159811985247227,0.047919643354608084,0.05843115273792505,2,signal_close_then_next_daily_open
2026-09-14,2026-09-13,V12_LS_70_30_StopVol,REZ,LONG,1.8363867327290804,0.054230390901224654,0.05163156587050839,2,signal_close_then_next_daily_open
2026-09-14,2026-09-13,V12_LS_70_30_StopVol,USELESS,LONG,5.499963474070857,0.17944971798926032,0.01560325661903561,2,signal_close_then_next_daily_open
2026-09-14,2026-09-13,V12_LS_70_30_StopVol,VVV,LONG,1.1060676995834655,0.09092104090373372,0.030795951873940942,2,signal_close_then_next_daily_open
2026-09-14,2026-09-13,V12_LS_70_30_StopVol,ZEC,LONG,0.8263164913232391,0.08537817422608827,0.03279526676906178,2,signal_close_then_next_daily_open
2026-09-14,2026-09-13,V12_LS_70_30_StopVol,BEAT,SHORT,-2.0534727703027293,0.1435702575809985,-0.008358277126604667,2,signal_close_then_next_daily_open
2026-09-14,2026-09-13,V12_LS_70_30_StopVol,BILL,SHORT,-1.1118018113904127,0.044733366124196296,-0.026825613719038226,2,signal_close_then_next_daily_open
2026-09-14,2026-09-13,V12_LS_70_30_StopVol,CASHCAT,SHORT,-0.9212572882467974,0.13950045305616918,-0.008602122600396328,2,signal_close_then_next_daily_open
2026-09-14,2026-09-13,V12_LS_70_30_StopVol,FARTCOIN,SHORT,-0.7925080941371981,0.07095643271882988,-0.016911785922991487,2,signal_close_then_next_daily_open
2026-09-14,2026-09-13,V12_LS_70_30_StopVol,HOME,SHORT,-0.7635689129239018,0.0459420218569426,-0.026119877869908333,2,signal_close_then_next_daily_open
2026-09-14,2026-09-13,V12_LS_70_30_StopVol,LAB,SHORT,-1.3333098506620988,0.1437069530204013,-0.008350326652807416,2,signal_close_then_next_daily_open
2026-09-14,2026-09-13,V12_LS_70_30_StopVol,RAVE,SHORT,-1.2392633129102362,0.05143054576684641,-0.023332437603132614,2,signal_close_then_next_daily_open
2026-09-14,2026-09-13,V12_LS_70_30_StopVol,TRIA,SHORT,-1.5188246142593198,0.1026106454975546,-0.0116946930231386,2,signal_close_then_next_daily_open
2026-09-14,2026-09-13,V12_LS_70_30_StopVol,UP,SHORT,-1.1400448658732956,0.08135502653553336,-0.014750164201297102,2,signal_close_then_next_daily_open
2026-09-15,2026-09-14,V12_LS_50_50,FIL,LONG,1.057647911023519,0.058272836085458656,0.05,2,signal_close_then_next_daily_open
2026-09-15,2026-09-14,V12_LS_50_50,MUBARAK,LONG,1.0537895738207872,0.08711846982474032,0.05,2,signal_close_then_next_daily_open
2026-09-15,2026-09-14,V12_LS_50_50,PENDLE,LONG,1.1311676177511292,0.05214130322391409,0.05,2,signal_close_then_next_daily_open
2026-09-15,2026-09-14,V12_LS_50_50,REZ,LONG,1.3281620336199704,0.057278336763200946,0.05,2,signal_close_then_next_daily_open
2026-09-15,2026-09-14,V12_LS_50_50,USELESS,LONG,4.268617256791852,0.1807511597032657,0.05,2,signal_close_then_next_daily_open
2026-09-15,2026-09-14,V12_LS_50_50,VVV,LONG,1.4557201180742836,0.09127815368078776,0.05,2,signal_close_then_next_daily_open
2026-09-15,2026-09-14,V12_LS_50_50,ZEC,LONG,1.5002658024467541,0.08585054630004957,0.05,2,signal_close_then_next_daily_open
2026-09-15,2026-09-14,V12_LS_50_50,BEAT,SHORT,-2.126918846995106,0.12654662295133956,-0.05,2,signal_close_then_next_daily_open
2026-09-15,2026-09-14,V12_LS_50_50,BILL,SHORT,-1.3402118190262928,0.044781014310934564,-0.05,2,signal_close_then_next_daily_open
2026-09-15,2026-09-14,V12_LS_50_50,EDEN,SHORT,-0.7245780921960666,0.08029261590175983,-0.05,2,signal_close_then_next_daily_open
2026-09-15,2026-09-14,V12_LS_50_50,FARTCOIN,SHORT,-0.777357672452055,0.07115643959044875,-0.05,2,signal_close_then_next_daily_open
2026-09-15,2026-09-14,V12_LS_50_50,HOME,SHORT,-0.8129428919659601,0.04238881915935828,-0.05,2,signal_close_then_next_daily_open
2026-09-15,2026-09-14,V12_LS_50_50,LAB,SHORT,-1.8637671417595953,0.14494244358401195,-0.05,2,signal_close_then_next_daily_open
2026-09-15,2026-09-14,V12_LS_50_50,RAVE,SHORT,-1.4733818906281952,0.05112071063183425,-0.05,2,signal_close_then_next_daily_open
2026-09-15,2026-09-14,V12_LS_50_50,TRIA,SHORT,-1.6363436139059988,0.10242735680719159,-0.05,2,signal_close_then_next_daily_open
2026-09-15,2026-09-14,V12_LS_50_50,UP,SHORT,-1.3249848477022441,0.08118036274009273,-0.05,2,signal_close_then_next_daily_open
2026-09-15,2026-09-14,V12_LS_50_50_StopVol,FIL,LONG,1.057647911023519,0.058272836085458656,0.03432130876669444,2,signal_close_then_next_daily_open
2026-09-15,2026-09-14,V12_LS_50_50_StopVol,MUBARAK,LONG,1.0537895738207872,0.08711846982474032,0.022957244359588496,2,signal_close_then_next_daily_open
2026-09-15,2026-09-14,V12_LS_50_50_StopVol,PENDLE,LONG,1.1311676177511292,0.05214130322391409,0.038357307476785896,2,signal_close_then_next_daily_open
2026-09-15,2026-09-14,V12_LS_50_50_StopVol,REZ,LONG,1.3281620336199704,0.057278336763200946,0.03491721500692947,2,signal_close_then_next_daily_open
2026-09-15,2026-09-14,V12_LS_50_50_StopVol,USELESS,LONG,4.268617256791852,0.1807511597032657,0.011064935922310795,2,signal_close_then_next_daily_open
2026-09-15,2026-09-14,V12_LS_50_50_StopVol,VVV,LONG,1.4557201180742836,0.09127815368078776,0.021911047927133526,2,signal_close_then_next_daily_open
2026-09-15,2026-09-14,V12_LS_50_50_StopVol,ZEC,LONG,1.5002658024467541,0.08585054630004957,0.023296299047532623,2,signal_close_then_next_daily_open
2026-09-15,2026-09-14,V12_LS_50_50_StopVol,BEAT,SHORT,-2.126918846995106,0.12654662295133956,-0.015804451777184536,2,signal_close_then_next_daily_open
2026-09-15,2026-09-14,V12_LS_50_50_StopVol,BILL,SHORT,-1.3402118190262928,0.044781014310934564,-0.044661784257790764,2,signal_close_then_next_daily_open
2026-09-15,2026-09-14,V12_LS_50_50_StopVol,EDEN,SHORT,-0.7245780921960666,0.08029261590175983,-0.024908890780779316,2,signal_close_then_next_daily_open
2026-09-15,2026-09-14,V12_LS_50_50_StopVol,FARTCOIN,SHORT,-0.777357672452055,0.07115643959044875,-0.02810708365274164,2,signal_close_then_next_daily_open
2026-09-15,2026-09-14,V12_LS_50_50_StopVol,HOME,SHORT,-0.8129428919659601,0.04238881915935828,-0.047182253237135895,2,signal_close_then_next_daily_open
2026-09-15,2026-09-14,V12_LS_50_50_StopVol,LAB,SHORT,-1.8637671417595953,0.14494244358401195,-0.013798580667923915,2,signal_close_then_next_daily_open
2026-09-15,2026-09-14,V12_LS_50_50_StopVol,RAVE,SHORT,-1.4733818906281952,0.05112071063183425,-0.03912308681316621,2,signal_close_then_next_daily_open
2026-09-15,2026-09-14,V12_LS_50_50_StopVol,TRIA,SHORT,-1.6363436139059988,0.10242735680719159,-0.019526033496742316,2,signal_close_then_next_daily_open
2026-09-15,2026-09-14,V12_LS_50_50_StopVol,UP,SHORT,-1.3249848477022441,0.08118036274009273,-0.024636499918129287,2,signal_close_then_next_daily_open
2026-09-15,2026-09-14,V12_LS_70_30,FIL,LONG,1.057647911023519,0.058272836085458656,0.06999999999999999,2,signal_close_then_next_daily_open
2026-09-15,2026-09-14,V12_LS_70_30,MUBARAK,LONG,1.0537895738207872,0.08711846982474032,0.06999999999999999,2,signal_close_then_next_daily_open
2026-09-15,2026-09-14,V12_LS_70_30,PENDLE,LONG,1.1311676177511292,0.05214130322391409,0.06999999999999999,2,signal_close_then_next_daily_open
2026-09-15,2026-09-14,V12_LS_70_30,REZ,LONG,1.3281620336199704,0.057278336763200946,0.06999999999999999,2,signal_close_then_next_daily_open
2026-09-15,2026-09-14,V12_LS_70_30,USELESS,LONG,4.268617256791852,0.1807511597032657,0.06999999999999999,2,signal_close_then_next_daily_open
2026-09-15,2026-09-14,V12_LS_70_30,VVV,LONG,1.4557201180742836,0.09127815368078776,0.06999999999999999,2,signal_close_then_next_daily_open
2026-09-15,2026-09-14,V12_LS_70_30,ZEC,LONG,1.5002658024467541,0.08585054630004957,0.06999999999999999,2,signal_close_then_next_daily_open
2026-09-15,2026-09-14,V12_LS_70_30,BEAT,SHORT,-2.126918846995106,0.12654662295133956,-0.03,2,signal_close_then_next_daily_open
2026-09-15,2026-09-14,V12_LS_70_30,BILL,SHORT,-1.3402118190262928,0.044781014310934564,-0.03,2,signal_close_then_next_daily_open
2026-09-15,2026-09-14,V12_LS_70_30,EDEN,SHORT,-0.7245780921960666,0.08029261590175983,-0.03,2,signal_close_then_next_daily_open
2026-09-15,2026-09-14,V12_LS_70_30,FARTCOIN,SHORT,-0.777357672452055,0.07115643959044875,-0.03,2,signal_close_then_next_daily_open
2026-09-15,2026-09-14,V12_LS_70_30,HOME,SHORT,-0.8129428919659601,0.04238881915935828,-0.03,2,signal_close_then_next_daily_open
2026-09-15,2026-09-14,V12_LS_70_30,LAB,SHORT,-1.8637671417595953,0.14494244358401195,-0.03,2,signal_close_then_next_daily_open
2026-09-15,2026-09-14,V12_LS_70_30,RAVE,SHORT,-1.4733818906281952,0.05112071063183425,-0.03,2,signal_close_then_next_daily_open
2026-09-15,2026-09-14,V12_LS_70_30,TRIA,SHORT,-1.6363436139059988,0.10242735680719159,-0.03,2,signal_close_then_next_daily_open
2026-09-15,2026-09-14,V12_LS_70_30,UP,SHORT,-1.3249848477022441,0.08118036274009273,-0.03,2,signal_close_then_next_daily_open
2026-09-15,2026-09-14,V12_LS_70_30_StopVol,FIL,LONG,1.057647911023519,0.058272836085458656,0.04804983227337221,2,signal_close_then_next_daily_open
2026-09-15,2026-09-14,V12_LS_70_30_StopVol,MUBARAK,LONG,1.0537895738207872,0.08711846982474032,0.03214014210342389,2,signal_close_then_next_daily_open
2026-09-15,2026-09-14,V12_LS_70_30_StopVol,PENDLE,LONG,1.1311676177511292,0.05214130322391409,0.05370023046750024,2,signal_close_then_next_daily_open
2026-09-15,2026-09-14,V12_LS_70_30_StopVol,REZ,LONG,1.3281620336199704,0.057278336763200946,0.04888410100970125,2,signal_close_then_next_daily_open
2026-09-15,2026-09-14,V12_LS_70_30_StopVol,USELESS,LONG,4.268617256791852,0.1807511597032657,0.01549091029123511,2,signal_close_then_next_daily_open
2026-09-15,2026-09-14,V12_LS_70_30_StopVol,VVV,LONG,1.4557201180742836,0.09127815368078776,0.030675467097986932,2,signal_close_then_next_daily_open
2026-09-15,2026-09-14,V12_LS_70_30_StopVol,ZEC,LONG,1.5002658024467541,0.08585054630004957,0.03261481866654567,2,signal_close_then_next_daily_open
2026-09-15,2026-09-14,V12_LS_70_30_StopVol,BEAT,SHORT,-2.126918846995106,0.12654662295133956,-0.00948267106631072,2,signal_close_then_next_daily_open
2026-09-15,2026-09-14,V12_LS_70_30_StopVol,BILL,SHORT,-1.3402118190262928,0.044781014310934564,-0.026797070554674455,2,signal_close_then_next_daily_open
2026-09-15,2026-09-14,V12_LS_70_30_StopVol,EDEN,SHORT,-0.7245780921960666,0.08029261590175983,-0.014945334468467587,2,signal_close_then_next_daily_open
2026-09-15,2026-09-14,V12_LS_70_30_StopVol,FARTCOIN,SHORT,-0.777357672452055,0.07115643959044875,-0.016864250191644982,2,signal_close_then_next_daily_open
2026-09-15,2026-09-14,V12_LS_70_30_StopVol,HOME,SHORT,-0.8129428919659601,0.04238881915935828,-0.028309351942281534,2,signal_close_then_next_daily_open
2026-09-15,2026-09-14,V12_LS_70_30_StopVol,LAB,SHORT,-1.8637671417595953,0.14494244358401195,-0.008279148400754348,2,signal_close_then_next_daily_open
2026-09-15,2026-09-14,V12_LS_70_30_StopVol,RAVE,SHORT,-1.4733818906281952,0.05112071063183425,-0.023473852087899726,2,signal_close_then_next_daily_open
2026-09-15,2026-09-14,V12_LS_70_30_StopVol,TRIA,SHORT,-1.6363436139059988,0.10242735680719159,-0.011715620098045389,2,signal_close_then_next_daily_open
2026-09-15,2026-09-14,V12_LS_70_30_StopVol,UP,SHORT,-1.3249848477022441,0.08118036274009273,-0.01478189995087757,2,signal_close_then_next_daily_open
