date,strategy,symbol,event,side,price,entry_price,signed_weight,stop_level,take_level,stop_pct,take_pct,trailing_pct
2026-09-08,V12_LS_50_50,APR,ENTRY,SHORT,0.1889,0.1889,-0.05,,,0.35,0.7,0.25
2026-09-08,V12_LS_50_50,ARB,ENTRY,LONG,0.16938,0.16938,0.05,,,0.2512956062093325,0.502591212418665,0.1507773637255995
2026-09-08,V12_LS_50_50,BEAT,ENTRY,SHORT,0.1319,0.1319,-0.05,,,0.35,0.7,0.25
2026-09-08,V12_LS_50_50,BILL,ENTRY,SHORT,0.01517,0.01517,-0.05,,,0.09503281554027702,0.19006563108055405,0.05701968932416622
2026-09-08,V12_LS_50_50,CAP,ENTRY,SHORT,0.0466,0.0466,-0.05,,,0.2281443847303986,0.4562887694607972,0.13688663083823915
2026-09-08,V12_LS_50_50,DASH,ENTRY,LONG,62.84,62.84,0.05,,,0.20101495340878783,0.40202990681757567,0.12060897204527271
2026-09-08,V12_LS_50_50,HOME,ENTRY,SHORT,0.006045,0.006045,-0.05,,,0.12238795941356276,0.24477591882712552,0.07343277564813766
2026-09-08,V12_LS_50_50,JTO,ENTRY,SHORT,0.4427,0.4427,-0.05,,,0.14208277257592053,0.28416554515184106,0.08524966354555233
2026-09-08,V12_LS_50_50,LAB,ENTRY,SHORT,0.06985,0.06985,-0.05,,,0.13776802314074413,0.27553604628148826,0.08266081388444649
2026-09-08,V12_LS_50_50,LIT,ENTRY,LONG,4.718,4.718,0.05,,,0.14925591365652535,0.2985118273130507,0.08955354819391521
2026-09-08,V12_LS_50_50,MUBARAK,ENTRY,LONG,0.029892,0.029892,0.05,,,0.35,0.7,0.23049447967696174
2026-09-08,V12_LS_50_50,PAXG,ENTRY,SHORT,4421.3,4421.3,-0.05,,,0.06,0.12,0.04
2026-09-08,V12_LS_50_50,TRIA,ENTRY,SHORT,0.004378,0.004378,-0.05,,,0.2447067324440716,0.4894134648881432,0.14682403946644296
2026-09-08,V12_LS_50_50,UNI,ENTRY,LONG,6.854,6.854,0.05,,,0.14298396012174333,0.28596792024348666,0.085790376073046
2026-09-08,V12_LS_50_50,USELESS,ENTRY,LONG,0.23035,0.23035,0.05,,,0.35,0.7,0.25
2026-09-08,V12_LS_50_50,ZEC,ENTRY,LONG,1139.94,1139.94,0.05,,,0.19690104149059054,0.3938020829811811,0.11814062489435431
2026-09-08,V12_LS_50_50_StopVol,APR,ENTRY,SHORT,0.1889,0.1889,-0.005083325351500661,,,0.35,0.7,0.25
2026-09-08,V12_LS_50_50_StopVol,ARB,ENTRY,LONG,0.16938,0.16938,0.019896885884407134,,,0.2512956062093325,0.502591212418665,0.1507773637255995
2026-09-08,V12_LS_50_50_StopVol,BEAT,ENTRY,SHORT,0.1319,0.1319,-0.011318504908182812,,,0.35,0.7,0.25
2026-09-08,V12_LS_50_50_StopVol,BILL,ENTRY,SHORT,0.01517,0.01517,-0.05,,,0.09503281554027702,0.19006563108055405,0.05701968932416622
2026-09-08,V12_LS_50_50_StopVol,CAP,ENTRY,SHORT,0.0466,0.0466,-0.021915945930067793,,,0.2281443847303986,0.4562887694607972,0.13688663083823915
2026-09-08,V12_LS_50_50_StopVol,DASH,ENTRY,LONG,62.84,62.84,0.02487377140461737,,,0.20101495340878783,0.40202990681757567,0.12060897204527271
2026-09-08,V12_LS_50_50_StopVol,HOME,ENTRY,SHORT,0.006045,0.006045,-0.04085369201315331,,,0.12238795941356276,0.24477591882712552,0.07343277564813766
2026-09-08,V12_LS_50_50_StopVol,JTO,ENTRY,SHORT,0.4427,0.4427,-0.035190754722415764,,,0.14208277257592053,0.28416554515184106,0.08524966354555233
2026-09-08,V12_LS_50_50_StopVol,LAB,ENTRY,SHORT,0.06985,0.06985,-0.036292892109600704,,,0.13776802314074413,0.27553604628148826,0.08266081388444649
2026-09-08,V12_LS_50_50_StopVol,LIT,ENTRY,LONG,4.718,4.718,0.033499510186954684,,,0.14925591365652535,0.2985118273130507,0.08955354819391521
2026-09-08,V12_LS_50_50_StopVol,MUBARAK,ENTRY,LONG,0.029892,0.029892,0.013015496094329476,,,0.35,0.7,0.23049447967696174
2026-09-08,V12_LS_50_50_StopVol,PAXG,ENTRY,SHORT,4421.3,4421.3,-0.05,,,0.06,0.12,0.04
2026-09-08,V12_LS_50_50_StopVol,TRIA,ENTRY,SHORT,0.004378,0.004378,-0.020432621326194056,,,0.2447067324440716,0.4894134648881432,0.14682403946644296
2026-09-08,V12_LS_50_50_StopVol,UNI,ENTRY,LONG,6.854,6.854,0.03496895732740066,,,0.14298396012174333,0.28596792024348666,0.085790376073046
2026-09-08,V12_LS_50_50_StopVol,USELESS,ENTRY,LONG,0.23035,0.23035,0.011746083217904824,,,0.35,0.7,0.25
2026-09-08,V12_LS_50_50_StopVol,ZEC,ENTRY,LONG,1139.94,1139.94,0.025393466495396567,,,0.19690104149059054,0.3938020829811811,0.11814062489435431
2026-09-08,V12_LS_70_30,APR,ENTRY,SHORT,0.1889,0.1889,-0.03,,,0.35,0.7,0.25
2026-09-08,V12_LS_70_30,ARB,ENTRY,LONG,0.16938,0.16938,0.06999999999999999,,,0.2512956062093325,0.502591212418665,0.1507773637255995
2026-09-08,V12_LS_70_30,BEAT,ENTRY,SHORT,0.1319,0.1319,-0.03,,,0.35,0.7,0.25
2026-09-08,V12_LS_70_30,BILL,ENTRY,SHORT,0.01517,0.01517,-0.03,,,0.09503281554027702,0.19006563108055405,0.05701968932416622
2026-09-08,V12_LS_70_30,CAP,ENTRY,SHORT,0.0466,0.0466,-0.03,,,0.2281443847303986,0.4562887694607972,0.13688663083823915
2026-09-08,V12_LS_70_30,DASH,ENTRY,LONG,62.84,62.84,0.06999999999999999,,,0.20101495340878783,0.40202990681757567,0.12060897204527271
2026-09-08,V12_LS_70_30,HOME,ENTRY,SHORT,0.006045,0.006045,-0.03,,,0.12238795941356276,0.24477591882712552,0.07343277564813766
2026-09-08,V12_LS_70_30,JTO,ENTRY,SHORT,0.4427,0.4427,-0.03,,,0.14208277257592053,0.28416554515184106,0.08524966354555233
2026-09-08,V12_LS_70_30,LAB,ENTRY,SHORT,0.06985,0.06985,-0.03,,,0.13776802314074413,0.27553604628148826,0.08266081388444649
2026-09-08,V12_LS_70_30,LIT,ENTRY,LONG,4.718,4.718,0.06999999999999999,,,0.14925591365652535,0.2985118273130507,0.08955354819391521
2026-09-08,V12_LS_70_30,MUBARAK,ENTRY,LONG,0.029892,0.029892,0.06999999999999999,,,0.35,0.7,0.23049447967696174
2026-09-08,V12_LS_70_30,PAXG,ENTRY,SHORT,4421.3,4421.3,-0.03,,,0.06,0.12,0.04
2026-09-08,V12_LS_70_30,TRIA,ENTRY,SHORT,0.004378,0.004378,-0.03,,,0.2447067324440716,0.4894134648881432,0.14682403946644296
2026-09-08,V12_LS_70_30,UNI,ENTRY,LONG,6.854,6.854,0.06999999999999999,,,0.14298396012174333,0.28596792024348666,0.085790376073046
2026-09-08,V12_LS_70_30,USELESS,ENTRY,LONG,0.23035,0.23035,0.06999999999999999,,,0.35,0.7,0.25
2026-09-08,V12_LS_70_30,ZEC,ENTRY,LONG,1139.94,1139.94,0.06999999999999999,,,0.19690104149059054,0.3938020829811811,0.11814062489435431
2026-09-08,V12_LS_70_30_StopVol,APR,ENTRY,SHORT,0.1889,0.1889,-0.003049995210900396,,,0.35,0.7,0.25
2026-09-08,V12_LS_70_30_StopVol,ARB,ENTRY,LONG,0.16938,0.16938,0.02785564023816998,,,0.2512956062093325,0.502591212418665,0.1507773637255995
2026-09-08,V12_LS_70_30_StopVol,BEAT,ENTRY,SHORT,0.1319,0.1319,-0.006791102944909686,,,0.35,0.7,0.25
2026-09-08,V12_LS_70_30_StopVol,BILL,ENTRY,SHORT,0.01517,0.01517,-0.03,,,0.09503281554027702,0.19006563108055405,0.05701968932416622
2026-09-08,V12_LS_70_30_StopVol,CAP,ENTRY,SHORT,0.0466,0.0466,-0.013149567558040675,,,0.2281443847303986,0.4562887694607972,0.13688663083823915
2026-09-08,V12_LS_70_30_StopVol,DASH,ENTRY,LONG,62.84,62.84,0.03482327996646432,,,0.20101495340878783,0.40202990681757567,0.12060897204527271
2026-09-08,V12_LS_70_30_StopVol,HOME,ENTRY,SHORT,0.006045,0.006045,-0.024512215207891985,,,0.12238795941356276,0.24477591882712552,0.07343277564813766
2026-09-08,V12_LS_70_30_StopVol,JTO,ENTRY,SHORT,0.4427,0.4427,-0.021114452833449458,,,0.14208277257592053,0.28416554515184106,0.08524966354555233
2026-09-08,V12_LS_70_30_StopVol,LAB,ENTRY,SHORT,0.06985,0.06985,-0.02177573526576042,,,0.13776802314074413,0.27553604628148826,0.08266081388444649
2026-09-08,V12_LS_70_30_StopVol,LIT,ENTRY,LONG,4.718,4.718,0.046899314261736554,,,0.14925591365652535,0.2985118273130507,0.08955354819391521
2026-09-08,V12_LS_70_30_StopVol,MUBARAK,ENTRY,LONG,0.029892,0.029892,0.018221694532061263,,,0.35,0.7,0.23049447967696174
2026-09-08,V12_LS_70_30_StopVol,PAXG,ENTRY,SHORT,4421.3,4421.3,-0.03,,,0.06,0.12,0.04
2026-09-08,V12_LS_70_30_StopVol,TRIA,ENTRY,SHORT,0.004378,0.004378,-0.012259572795716434,,,0.2447067324440716,0.4894134648881432,0.14682403946644296
2026-09-08,V12_LS_70_30_StopVol,UNI,ENTRY,LONG,6.854,6.854,0.048956540258360916,,,0.14298396012174333,0.28596792024348666,0.085790376073046
2026-09-08,V12_LS_70_30_StopVol,USELESS,ENTRY,LONG,0.23035,0.23035,0.016444516505066748,,,0.35,0.7,0.25
2026-09-08,V12_LS_70_30_StopVol,ZEC,ENTRY,LONG,1139.94,1139.94,0.03555085309355519,,,0.19690104149059054,0.3938020829811811,0.11814062489435431
2026-09-09,V12_LS_50_50,APR,REBALANCE_EXIT,SHORT,0.1808,0.1889,-0.05,,,,,
2026-09-09,V12_LS_50_50,ARB,STOP_INTRADAY,LONG,0.15175608510223537,0.16938,0.05,0.15175608510223537,0.2545088995594735,,,
2026-09-09,V12_LS_50_50,BILL,TAKE_PROFIT_INTRADAY,SHORT,0.012286704376507994,0.01517,-0.05,0.014829986241218052,0.012286704376507994,,,
2026-09-09,V12_LS_50_50,JTO,STOP_INTRADAY,SHORT,0.46426980606478735,0.4427,-0.05,0.46426980606478735,0.31689991316127997,,,
2026-09-09,V12_LS_50_50,LAB,TAKE_PROFIT_INTRADAY,SHORT,0.050603807167238044,0.06985,-0.05,0.07312291136975552,0.050603807167238044,,,
2026-09-09,V12_LS_50_50,MUBARAK,REBALANCE_EXIT,LONG,0.02937,0.029892,0.05,,,,,
2026-09-09,V12_LS_50_50,UNI,STOP_INTRADAY,LONG,6.574995615282654,6.854,0.05,6.574995615282654,8.814024125348856,,,
2026-09-09,V12_LS_50_50,USELESS,STOP_INTRADAY,LONG,0.2346375,0.23035,0.05,0.2346375,0.39159499999999997,,,
2026-09-09,V12_LS_50_50_StopVol,APR,REBALANCE_EXIT,SHORT,0.1808,0.1889,-0.005083325351500661,,,,,
2026-09-09,V12_LS_50_50_StopVol,ARB,STOP_INTRADAY,LONG,0.15175608510223537,0.16938,0.019834973683501234,0.15175608510223537,0.2545088995594735,,,
2026-09-09,V12_LS_50_50_StopVol,BILL,TAKE_PROFIT_INTRADAY,SHORT,0.012286704376507994,0.01517,-0.05,0.014829986241218052,0.012286704376507994,,,
2026-09-09,V12_LS_50_50_StopVol,JTO,STOP_INTRADAY,SHORT,0.46426980606478735,0.4427,-0.03529853069570574,0.46426980606478735,0.31689991316127997,,,
2026-09-09,V12_LS_50_50_StopVol,LAB,TAKE_PROFIT_INTRADAY,SHORT,0.050603807167238044,0.06985,-0.03652871985017216,0.07312291136975552,0.050603807167238044,,,
2026-09-09,V12_LS_50_50_StopVol,MUBARAK,REBALANCE_EXIT,LONG,0.02937,0.029892,0.013015496094329476,,,,,
2026-09-09,V12_LS_50_50_StopVol,UNI,STOP_INTRADAY,LONG,6.574995615282654,6.854,0.034859109255035506,6.574995615282654,8.814024125348856,,,
2026-09-09,V12_LS_50_50_StopVol,USELESS,STOP_INTRADAY,LONG,0.2346375,0.23035,0.01167240195793994,0.2346375,0.39159499999999997,,,
2026-09-09,V12_LS_70_30,APR,REBALANCE_EXIT,SHORT,0.1808,0.1889,-0.03,,,,,
2026-09-09,V12_LS_70_30,ARB,STOP_INTRADAY,LONG,0.15175608510223537,0.16938,0.06999999999999999,0.15175608510223537,0.2545088995594735,,,
2026-09-09,V12_LS_70_30,BILL,TAKE_PROFIT_INTRADAY,SHORT,0.012286704376507994,0.01517,-0.03,0.014829986241218052,0.012286704376507994,,,
2026-09-09,V12_LS_70_30,JTO,STOP_INTRADAY,SHORT,0.46426980606478735,0.4427,-0.03,0.46426980606478735,0.31689991316127997,,,
2026-09-09,V12_LS_70_30,LAB,TAKE_PROFIT_INTRADAY,SHORT,0.050603807167238044,0.06985,-0.03,0.07312291136975552,0.050603807167238044,,,
2026-09-09,V12_LS_70_30,MUBARAK,REBALANCE_EXIT,LONG,0.02937,0.029892,0.06999999999999999,,,,,
2026-09-09,V12_LS_70_30,UNI,STOP_INTRADAY,LONG,6.574995615282654,6.854,0.06999999999999999,6.574995615282654,8.814024125348856,,,
2026-09-09,V12_LS_70_30,USELESS,STOP_INTRADAY,LONG,0.2346375,0.23035,0.06999999999999999,0.2346375,0.39159499999999997,,,
2026-09-09,V12_LS_70_30_StopVol,APR,REBALANCE_EXIT,SHORT,0.1808,0.1889,-0.003049995210900396,,,,,
2026-09-09,V12_LS_70_30_StopVol,ARB,STOP_INTRADAY,LONG,0.15175608510223537,0.16938,0.027768963156901725,0.15175608510223537,0.2545088995594735,,,
2026-09-09,V12_LS_70_30_StopVol,BILL,TAKE_PROFIT_INTRADAY,SHORT,0.012286704376507994,0.01517,-0.03,0.014829986241218052,0.012286704376507994,,,
2026-09-09,V12_LS_70_30_StopVol,JTO,STOP_INTRADAY,SHORT,0.46426980606478735,0.4427,-0.021179118417423443,0.46426980606478735,0.31689991316127997,,,
2026-09-09,V12_LS_70_30_StopVol,LAB,TAKE_PROFIT_INTRADAY,SHORT,0.050603807167238044,0.06985,-0.021917231910103294,0.07312291136975552,0.050603807167238044,,,
2026-09-09,V12_LS_70_30_StopVol,MUBARAK,REBALANCE_EXIT,LONG,0.02937,0.029892,0.018221694532061263,,,,,
2026-09-09,V12_LS_70_30_StopVol,UNI,STOP_INTRADAY,LONG,6.574995615282654,6.854,0.0488027529570497,6.574995615282654,8.814024125348856,,,
2026-09-09,V12_LS_70_30_StopVol,USELESS,STOP_INTRADAY,LONG,0.2346375,0.23035,0.016341362741115913,0.2346375,0.39159499999999997,,,
2026-09-10,V12_LS_50_50,DASH,STOP_INTRADAY,LONG,58.347594704796144,62.84,0.05,58.347594704796144,88.10355934441645,,,
2026-09-10,V12_LS_50_50,DOT,ENTRY,LONG,1.1212,1.1212,0.05,,,0.1306423169000429,0.2612846338000858,0.07838539014002574
2026-09-10,V12_LS_50_50,HOME,STOP_GAP,SHORT,0.005686,0.006045,-0.05,0.0055947316266780935,0.004565329570690026,,,
2026-09-10,V12_LS_50_50,LIT,STOP_GAP,LONG,4.5258,4.718,0.05,4.851131829158361,6.126378801262973,,,
2026-09-10,V12_LS_50_50,PAXG,REBALANCE_EXIT,SHORT,4391.0,4421.3,-0.05,,,,,
2026-09-10,V12_LS_50_50,SIGN,ENTRY,LONG,0.010939,0.010939,0.05,,,0.07349750795999402,0.14699501591998804,0.04409850477599642
2026-09-10,V12_LS_50_50,SIGN,STOP_INTRADAY,LONG,0.010456606456255376,0.010939,0.05,0.010456606456255376,0.012546978479148749,,,
2026-09-10,V12_LS_50_50,TRIA,STOP_GAP,SHORT,0.003536,0.004378,-0.05,0.003463408599188658,0.002235347850719709,,,
2026-09-10,V12_LS_50_50,VVV,ENTRY,LONG,22.645,22.645,0.05,,,0.21805518674402607,0.43611037348805215,0.13083311204641562
2026-09-10,V12_LS_50_50,ZEC,STOP_INTRADAY,LONG,1145.5353282622339,1139.94,0.05,1145.5353282622339,1588.8507464735676,,,
2026-09-10,V12_LS_50_50_StopVol,DASH,STOP_INTRADAY,LONG,58.347594704796144,62.84,0.024570525529163893,58.347594704796144,88.10355934441645,,,
2026-09-10,V12_LS_50_50_StopVol,DOT,ENTRY,LONG,1.1212,1.1212,0.03827243820105856,,,0.1306423169000429,0.2612846338000858,0.07838539014002574
2026-09-10,V12_LS_50_50_StopVol,HOME,STOP_GAP,SHORT,0.005686,0.006045,-0.04173639633601505,0.0055947316266780935,0.004565329570690026,,,
2026-09-10,V12_LS_50_50_StopVol,LIT,STOP_GAP,LONG,4.5258,4.718,0.03353991839153908,4.851131829158361,6.126378801262973,,,
2026-09-10,V12_LS_50_50_StopVol,PAXG,REBALANCE_EXIT,SHORT,4391.0,4421.3,-0.05,,,,,
2026-09-10,V12_LS_50_50_StopVol,SIGN,ENTRY,LONG,0.010939,0.010939,0.05,,,0.07349750795999402,0.14699501591998804,0.04409850477599642
2026-09-10,V12_LS_50_50_StopVol,SIGN,STOP_INTRADAY,LONG,0.010456606456255376,0.010939,0.05,0.010456606456255376,0.012546978479148749,,,
2026-09-10,V12_LS_50_50_StopVol,TRIA,STOP_GAP,SHORT,0.003536,0.004378,-0.020434596877060597,0.003463408599188658,0.002235347850719709,,,
2026-09-10,V12_LS_50_50_StopVol,VVV,ENTRY,LONG,22.645,22.645,0.022929975088689252,,,0.21805518674402607,0.43611037348805215,0.13083311204641562
2026-09-10,V12_LS_50_50_StopVol,ZEC,STOP_INTRADAY,LONG,1145.5353282622339,1139.94,0.025652173399001738,1145.5353282622339,1588.8507464735676,,,
2026-09-10,V12_LS_70_30,DASH,STOP_INTRADAY,LONG,58.347594704796144,62.84,0.06999999999999999,58.347594704796144,88.10355934441645,,,
2026-09-10,V12_LS_70_30,DOT,ENTRY,LONG,1.1212,1.1212,0.06999999999999999,,,0.1306423169000429,0.2612846338000858,0.07838539014002574
2026-09-10,V12_LS_70_30,HOME,STOP_GAP,SHORT,0.005686,0.006045,-0.03,0.0055947316266780935,0.004565329570690026,,,
2026-09-10,V12_LS_70_30,LIT,STOP_GAP,LONG,4.5258,4.718,0.06999999999999999,4.851131829158361,6.126378801262973,,,
2026-09-10,V12_LS_70_30,PAXG,REBALANCE_EXIT,SHORT,4391.0,4421.3,-0.03,,,,,
2026-09-10,V12_LS_70_30,SIGN,ENTRY,LONG,0.010939,0.010939,0.06999999999999999,,,0.07349750795999402,0.14699501591998804,0.04409850477599642
2026-09-10,V12_LS_70_30,SIGN,STOP_INTRADAY,LONG,0.010456606456255376,0.010939,0.06999999999999999,0.010456606456255376,0.012546978479148749,,,
2026-09-10,V12_LS_70_30,TRIA,STOP_GAP,SHORT,0.003536,0.004378,-0.03,0.003463408599188658,0.002235347850719709,,,
2026-09-10,V12_LS_70_30,VVV,ENTRY,LONG,22.645,22.645,0.06999999999999999,,,0.21805518674402607,0.43611037348805215,0.13083311204641562
2026-09-10,V12_LS_70_30,ZEC,STOP_INTRADAY,LONG,1145.5353282622339,1139.94,0.06999999999999999,1145.5353282622339,1588.8507464735676,,,
2026-09-10,V12_LS_70_30_StopVol,DASH,STOP_INTRADAY,LONG,58.347594704796144,62.84,0.034398735740829446,58.347594704796144,88.10355934441645,,,
2026-09-10,V12_LS_70_30_StopVol,DOT,ENTRY,LONG,1.1212,1.1212,0.053581413481481974,,,0.1306423169000429,0.2612846338000858,0.07838539014002574
2026-09-10,V12_LS_70_30_StopVol,HOME,STOP_GAP,SHORT,0.005686,0.006045,-0.025041837801609027,0.0055947316266780935,0.004565329570690026,,,
2026-09-10,V12_LS_70_30_StopVol,LIT,STOP_GAP,LONG,4.5258,4.718,0.04695588574815471,4.851131829158361,6.126378801262973,,,
2026-09-10,V12_LS_70_30_StopVol,PAXG,REBALANCE_EXIT,SHORT,4391.0,4421.3,-0.03,,,,,
2026-09-10,V12_LS_70_30_StopVol,SIGN,ENTRY,LONG,0.010939,0.010939,0.06999999999999999,,,0.07349750795999402,0.14699501591998804,0.04409850477599642
2026-09-10,V12_LS_70_30_StopVol,SIGN,STOP_INTRADAY,LONG,0.010456606456255376,0.010939,0.06999999999999999,0.010456606456255376,0.012546978479148749,,,
2026-09-10,V12_LS_70_30_StopVol,TRIA,STOP_GAP,SHORT,0.003536,0.004378,-0.012260758126236357,0.003463408599188658,0.002235347850719709,,,
2026-09-10,V12_LS_70_30_StopVol,VVV,ENTRY,LONG,22.645,22.645,0.032101965124164945,,,0.21805518674402607,0.43611037348805215,0.13083311204641562
2026-09-10,V12_LS_70_30_StopVol,ZEC,STOP_INTRADAY,LONG,1145.5353282622339,1139.94,0.03591304275860243,1145.5353282622339,1588.8507464735676,,,
2026-09-11,V12_LS_50_50,BEAT,STOP_INTRADAY,SHORT,0.094625,0.1319,-0.05,0.094625,0.03957,,,
2026-09-11,V12_LS_50_50,CASHCAT,ENTRY,SHORT,0.16376,0.16376,-0.05,,,0.35,0.7,0.2195003128609509
2026-09-11,V12_LS_50_50,DOT,STOP_INTRADAY,LONG,1.041885316446701,1.1212,0.05,1.041885316446701,1.4141523314166562,,,
2026-09-11,V12_LS_50_50,EDEN,ENTRY,SHORT,0.0492,0.0492,-0.05,,,0.35,0.7,0.2163431885804232
2026-09-11,V12_LS_50_50,FARTCOIN,ENTRY,SHORT,0.1381,0.1381,-0.05,,,0.17936176645046817,0.35872353290093634,0.10761705987028089
2026-09-11,V12_LS_50_50,FARTCOIN,STOP_INTRADAY,SHORT,0.15296191596808578,0.1381,-0.05,0.15296191596808578,0.08856028010638069,,,
2026-09-11,V12_LS_50_50,NEAR,ENTRY,LONG,2.441,2.441,0.05,,,0.12363396296960684,0.24726792593921368,0.0741803777817641
2026-09-11,V12_LS_50_50,ZEN,ENTRY,LONG,6.527,6.527,0.05,,,0.16656380356371042,0.33312760712742084,0.09993828213822625
2026-09-11,V12_LS_50_50_StopVol,BEAT,STOP_INTRADAY,SHORT,0.094625,0.1319,-0.014513683486559889,0.094625,0.03957,,,
2026-09-11,V12_LS_50_50_StopVol,CASHCAT,ENTRY,SHORT,0.16376,0.16376,-0.013667406487481597,,,0.35,0.7,0.2195003128609509
2026-09-11,V12_LS_50_50_StopVol,DOT,STOP_INTRADAY,LONG,1.041885316446701,1.1212,0.03821180846680544,1.041885316446701,1.4141523314166562,,,
2026-09-11,V12_LS_50_50_StopVol,EDEN,ENTRY,SHORT,0.0492,0.0492,-0.013866856727429544,,,0.35,0.7,0.2163431885804232
2026-09-11,V12_LS_50_50_StopVol,FARTCOIN,ENTRY,SHORT,0.1381,0.1381,-0.027876621082346332,,,0.17936176645046817,0.35872353290093634,0.10761705987028089
2026-09-11,V12_LS_50_50_StopVol,FARTCOIN,STOP_INTRADAY,SHORT,0.15296191596808578,0.1381,-0.027876621082346332,0.15296191596808578,0.08856028010638069,,,
2026-09-11,V12_LS_50_50_StopVol,NEAR,ENTRY,LONG,2.441,2.441,0.040441961738532636,,,0.12363396296960684,0.24726792593921368,0.0741803777817641
2026-09-11,V12_LS_50_50_StopVol,ZEN,ENTRY,LONG,6.527,6.527,0.030018526792872542,,,0.16656380356371042,0.33312760712742084,0.09993828213822625
2026-09-11,V12_LS_70_30,BEAT,STOP_INTRADAY,SHORT,0.094625,0.1319,-0.03,0.094625,0.03957,,,
2026-09-11,V12_LS_70_30,CASHCAT,ENTRY,SHORT,0.16376,0.16376,-0.03,,,0.35,0.7,0.2195003128609509
2026-09-11,V12_LS_70_30,DOT,STOP_INTRADAY,LONG,1.041885316446701,1.1212,0.06999999999999999,1.041885316446701,1.4141523314166562,,,
2026-09-11,V12_LS_70_30,EDEN,ENTRY,SHORT,0.0492,0.0492,-0.03,,,0.35,0.7,0.2163431885804232
2026-09-11,V12_LS_70_30,FARTCOIN,ENTRY,SHORT,0.1381,0.1381,-0.03,,,0.17936176645046817,0.35872353290093634,0.10761705987028089
2026-09-11,V12_LS_70_30,FARTCOIN,STOP_INTRADAY,SHORT,0.15296191596808578,0.1381,-0.03,0.15296191596808578,0.08856028010638069,,,
2026-09-11,V12_LS_70_30,NEAR,ENTRY,LONG,2.441,2.441,0.06999999999999999,,,0.12363396296960684,0.24726792593921368,0.0741803777817641
2026-09-11,V12_LS_70_30,ZEN,ENTRY,LONG,6.527,6.527,0.06999999999999999,,,0.16656380356371042,0.33312760712742084,0.09993828213822625
2026-09-11,V12_LS_70_30_StopVol,BEAT,STOP_INTRADAY,SHORT,0.094625,0.1319,-0.008708210091935934,0.094625,0.03957,,,
2026-09-11,V12_LS_70_30_StopVol,CASHCAT,ENTRY,SHORT,0.16376,0.16376,-0.008200443892488958,,,0.35,0.7,0.2195003128609509
2026-09-11,V12_LS_70_30_StopVol,DOT,STOP_INTRADAY,LONG,1.041885316446701,1.1212,0.05349653185352761,1.041885316446701,1.4141523314166562,,,
2026-09-11,V12_LS_70_30_StopVol,EDEN,ENTRY,SHORT,0.0492,0.0492,-0.008320114036457726,,,0.35,0.7,0.2163431885804232
2026-09-11,V12_LS_70_30_StopVol,FARTCOIN,ENTRY,SHORT,0.1381,0.1381,-0.016725972649407797,,,0.17936176645046817,0.35872353290093634,0.10761705987028089
2026-09-11,V12_LS_70_30_StopVol,FARTCOIN,STOP_INTRADAY,SHORT,0.15296191596808578,0.1381,-0.016725972649407797,0.15296191596808578,0.08856028010638069,,,
2026-09-11,V12_LS_70_30_StopVol,NEAR,ENTRY,LONG,2.441,2.441,0.05661874643394568,,,0.12363396296960684,0.24726792593921368,0.0741803777817641
2026-09-11,V12_LS_70_30_StopVol,ZEN,ENTRY,LONG,6.527,6.527,0.04202593751002155,,,0.16656380356371042,0.33312760712742084,0.09993828213822625
2026-09-12,V12_LS_50_50,ARB,ENTRY,LONG,0.13941,0.13941,0.05,,,0.2574148691759808,0.5148297383519616,0.15444892150558848
2026-09-12,V12_LS_50_50,BILL,ENTRY,SHORT,0.01403,0.01403,-0.05,,,0.11157816607875767,0.22315633215751535,0.06694689964725462
2026-09-12,V12_LS_50_50,ETHFI,ENTRY,LONG,0.6741,0.6741,0.05,,,0.1370644746225335,0.274128949245067,0.08223868477352009
2026-09-12,V12_LS_50_50,MINA,ENTRY,LONG,0.1051,0.1051,0.05,,,0.13741841181104025,0.2748368236220805,0.08245104708662415
2026-09-12,V12_LS_50_50,NEAR,STOP_GAP,LONG,2.363,2.441,0.05,2.5256359294113477,3.0445810072176203,,,
2026-09-12,V12_LS_50_50,USELESS,ENTRY,LONG,0.21438,0.21438,0.05,,,0.35,0.7,0.25
2026-09-12,V12_LS_50_50,VVV,STOP_GAP,LONG,23.483,22.645,0.05,23.547469328438506,32.520719407636946,,,
2026-09-12,V12_LS_50_50,ZEN,REBALANCE_EXIT,LONG,6.485,6.527,0.05,,,,,
2026-09-12,V12_LS_50_50_StopVol,ARB,ENTRY,LONG,0.13941,0.13941,0.019423897368499594,,,0.2574148691759808,0.5148297383519616,0.15444892150558848
2026-09-12,V12_LS_50_50_StopVol,BILL,ENTRY,SHORT,0.01403,0.01403,-0.04481163453135392,,,0.11157816607875767,0.22315633215751535,0.06694689964725462
2026-09-12,V12_LS_50_50_StopVol,ETHFI,ENTRY,LONG,0.6741,0.6741,0.03647918261657275,,,0.1370644746225335,0.274128949245067,0.08223868477352009
2026-09-12,V12_LS_50_50_StopVol,MINA,ENTRY,LONG,0.1051,0.1051,0.03638522621608627,,,0.13741841181104025,0.2748368236220805,0.08245104708662415
2026-09-12,V12_LS_50_50_StopVol,NEAR,STOP_GAP,LONG,2.363,2.441,0.040441961738532636,2.5256359294113477,3.0445810072176203,,,
2026-09-12,V12_LS_50_50_StopVol,USELESS,ENTRY,LONG,0.21438,0.21438,0.01126986404294698,,,0.35,0.7,0.25
2026-09-12,V12_LS_50_50_StopVol,VVV,STOP_GAP,LONG,23.483,22.645,0.023040910712974386,23.547469328438506,32.520719407636946,,,
2026-09-12,V12_LS_50_50_StopVol,ZEN,REBALANCE_EXIT,LONG,6.485,6.527,0.030018526792872542,,,,,
2026-09-12,V12_LS_70_30,ARB,ENTRY,LONG,0.13941,0.13941,0.06999999999999999,,,0.2574148691759808,0.5148297383519616,0.15444892150558848
2026-09-12,V12_LS_70_30,BILL,ENTRY,SHORT,0.01403,0.01403,-0.03,,,0.11157816607875767,0.22315633215751535,0.06694689964725462
2026-09-12,V12_LS_70_30,ETHFI,ENTRY,LONG,0.6741,0.6741,0.06999999999999999,,,0.1370644746225335,0.274128949245067,0.08223868477352009
2026-09-12,V12_LS_70_30,MINA,ENTRY,LONG,0.1051,0.1051,0.06999999999999999,,,0.13741841181104025,0.2748368236220805,0.08245104708662415
2026-09-12,V12_LS_70_30,NEAR,STOP_GAP,LONG,2.363,2.441,0.06999999999999999,2.5256359294113477,3.0445810072176203,,,
2026-09-12,V12_LS_70_30,USELESS,ENTRY,LONG,0.21438,0.21438,0.06999999999999999,,,0.35,0.7,0.25
2026-09-12,V12_LS_70_30,VVV,STOP_GAP,LONG,23.483,22.645,0.06999999999999999,23.547469328438506,32.520719407636946,,,
2026-09-12,V12_LS_70_30,ZEN,REBALANCE_EXIT,LONG,6.485,6.527,0.06999999999999999,,,,,
2026-09-12,V12_LS_70_30_StopVol,ARB,ENTRY,LONG,0.13941,0.13941,0.027193456315899426,,,0.2574148691759808,0.5148297383519616,0.15444892150558848
2026-09-12,V12_LS_70_30_StopVol,BILL,ENTRY,SHORT,0.01403,0.01403,-0.026886980718812348,,,0.11157816607875767,0.22315633215751535,0.06694689964725462
2026-09-12,V12_LS_70_30_StopVol,ETHFI,ENTRY,LONG,0.6741,0.6741,0.05107085566320184,,,0.1370644746225335,0.274128949245067,0.08223868477352009
2026-09-12,V12_LS_70_30_StopVol,MINA,ENTRY,LONG,0.1051,0.1051,0.05093931670252076,,,0.13741841181104025,0.2748368236220805,0.08245104708662415
2026-09-12,V12_LS_70_30_StopVol,NEAR,STOP_GAP,LONG,2.363,2.441,0.05661874643394568,2.5256359294113477,3.0445810072176203,,,
2026-09-12,V12_LS_70_30_StopVol,USELESS,ENTRY,LONG,0.21438,0.21438,0.01577780966012577,,,0.35,0.7,0.25
2026-09-12,V12_LS_70_30_StopVol,VVV,STOP_GAP,LONG,23.483,22.645,0.03225727499816414,23.547469328438506,32.520719407636946,,,
2026-09-12,V12_LS_70_30_StopVol,ZEN,REBALANCE_EXIT,LONG,6.485,6.527,0.04202593751002155,,,,,
2026-09-13,V12_LS_50_50,EDEN,REBALANCE_EXIT,SHORT,0.04939,0.0492,-0.05,,,,,
2026-09-13,V12_LS_50_50,ETHFI,STOP_GAP,LONG,0.7112,0.6741,0.05,0.7145689600353372,0.8588903246860996,,,
2026-09-13,V12_LS_50_50,HOME,ENTRY,SHORT,0.005472,0.005472,-0.05,,,0.11487013666941359,0.22974027333882718,0.06892208200164815
2026-09-13,V12_LS_50_50,MINA,STOP_INTRADAY,LONG,0.10527956685728074,0.1051,0.05,0.10527956685728074,0.13398535016268065,,,
2026-09-13,V12_LS_50_50,RAVE,ENTRY,SHORT,0.1989,0.1989,-0.05,,,0.12564927900355372,0.25129855800710743,0.07538956740213223
2026-09-13,V12_LS_50_50,TRIA,ENTRY,SHORT,0.003685,0.003685,-0.05,,,0.2556797068894726,0.5113594137789452,0.1534078241336836
2026-09-13,V12_LS_50_50,UNI,ENTRY,LONG,6.369,6.369,0.05,,,0.1461687666327432,0.2923375332654864,0.08770125997964591
2026-09-13,V12_LS_50_50,ZEC,ENTRY,LONG,1122.61,1122.61,0.05,,,0.210168761338993,0.420337522677986,0.12610125680339582
2026-09-13,V12_LS_50_50_StopVol,EDEN,REBALANCE_EXIT,SHORT,0.04939,0.0492,-0.01387463029455703,,,,,
2026-09-13,V12_LS_50_50_StopVol,ETHFI,STOP_GAP,LONG,0.7112,0.6741,0.03647918261657275,0.7145689600353372,0.8588903246860996,,,
2026-09-13,V12_LS_50_50_StopVol,HOME,ENTRY,SHORT,0.005472,0.005472,-0.04352741404312569,,,0.11487013666941359,0.22974027333882718,0.06892208200164815
2026-09-13,V12_LS_50_50_StopVol,MINA,STOP_INTRADAY,LONG,0.10527956685728074,0.1051,0.03632642705685195,0.10527956685728074,0.13398535016268065,,,
2026-09-13,V12_LS_50_50_StopVol,RAVE,ENTRY,SHORT,0.1989,0.1989,-0.03979330434405904,,,0.12564927900355372,0.25129855800710743,0.07538956740213223
2026-09-13,V12_LS_50_50_StopVol,TRIA,ENTRY,SHORT,0.003685,0.003685,-0.019555717036868484,,,0.2556797068894726,0.5113594137789452,0.1534078241336836
2026-09-13,V12_LS_50_50_StopVol,UNI,ENTRY,LONG,6.369,6.369,0.034207034205623196,,,0.1461687666327432,0.2923375332654864,0.08770125997964591
2026-09-13,V12_LS_50_50_StopVol,ZEC,ENTRY,LONG,1122.61,1122.61,0.023790405235034996,,,0.210168761338993,0.420337522677986,0.12610125680339582
2026-09-13,V12_LS_70_30,EDEN,REBALANCE_EXIT,SHORT,0.04939,0.0492,-0.03,,,,,
2026-09-13,V12_LS_70_30,ETHFI,STOP_GAP,LONG,0.7112,0.6741,0.06999999999999999,0.7145689600353372,0.8588903246860996,,,
2026-09-13,V12_LS_70_30,HOME,ENTRY,SHORT,0.005472,0.005472,-0.03,,,0.11487013666941359,0.22974027333882718,0.06892208200164815
2026-09-13,V12_LS_70_30,MINA,STOP_INTRADAY,LONG,0.10527956685728074,0.1051,0.06999999999999999,0.10527956685728074,0.13398535016268065,,,
2026-09-13,V12_LS_70_30,RAVE,ENTRY,SHORT,0.1989,0.1989,-0.03,,,0.12564927900355372,0.25129855800710743,0.07538956740213223
2026-09-13,V12_LS_70_30,TRIA,ENTRY,SHORT,0.003685,0.003685,-0.03,,,0.2556797068894726,0.5113594137789452,0.1534078241336836
2026-09-13,V12_LS_70_30,UNI,ENTRY,LONG,6.369,6.369,0.06999999999999999,,,0.1461687666327432,0.2923375332654864,0.08770125997964591
2026-09-13,V12_LS_70_30,ZEC,ENTRY,LONG,1122.61,1122.61,0.06999999999999999,,,0.210168761338993,0.420337522677986,0.12610125680339582
2026-09-13,V12_LS_70_30_StopVol,EDEN,REBALANCE_EXIT,SHORT,0.04939,0.0492,-0.008324778176734217,,,,,
2026-09-13,V12_LS_70_30_StopVol,ETHFI,STOP_GAP,LONG,0.7112,0.6741,0.05107085566320184,0.7145689600353372,0.8588903246860996,,,
2026-09-13,V12_LS_70_30_StopVol,HOME,ENTRY,SHORT,0.005472,0.005472,-0.026116448425875412,,,0.11487013666941359,0.22974027333882718,0.06892208200164815
2026-09-13,V12_LS_70_30_StopVol,MINA,STOP_INTRADAY,LONG,0.10527956685728074,0.1051,0.05085699787959272,0.10527956685728074,0.13398535016268065,,,
2026-09-13,V12_LS_70_30_StopVol,RAVE,ENTRY,SHORT,0.1989,0.1989,-0.023875982606435423,,,0.12564927900355372,0.25129855800710743,0.07538956740213223
2026-09-13,V12_LS_70_30_StopVol,TRIA,ENTRY,SHORT,0.003685,0.003685,-0.01173343022212109,,,0.2556797068894726,0.5113594137789452,0.1534078241336836
2026-09-13,V12_LS_70_30_StopVol,UNI,ENTRY,LONG,6.369,6.369,0.04788984788787247,,,0.1461687666327432,0.2923375332654864,0.08770125997964591
2026-09-13,V12_LS_70_30_StopVol,ZEC,ENTRY,LONG,1122.61,1122.61,0.03330656732904899,,,0.210168761338993,0.420337522677986,0.12610125680339582
2026-09-14,V12_LS_50_50,BEAT,ENTRY,SHORT,0.0808,0.0808,-0.05,,,0.35,0.7,0.21535538637149776
2026-09-14,V12_LS_50_50,CAP,REBALANCE_EXIT,SHORT,0.04707,0.0466,-0.05,,,,,
2026-09-14,V12_LS_50_50,FARTCOIN,ENTRY,SHORT,0.1387,0.1387,-0.05,,,0.17739108179707472,0.35478216359414944,0.10643464907824482
2026-09-14,V12_LS_50_50,LAB,ENTRY,SHORT,0.05588,0.05588,-0.05,,,0.35,0.7,0.21556042953060195
2026-09-14,V12_LS_50_50,MUBARAK,ENTRY,LONG,0.029952,0.029952,0.05,,,0.2202134342636674,0.4404268685273348,0.13212806055820042
2026-09-14,V12_LS_50_50,PENDLE,ENTRY,LONG,2.089,2.089,0.05,,,0.1197991083865202,0.2395982167730404,0.07187946503191213
2026-09-14,V12_LS_50_50,REZ,ENTRY,LONG,0.004394,0.004394,0.05,,,0.13557597725306164,0.2711519545061233,0.08134558635183697
2026-09-14,V12_LS_50_50,REZ,STOP_INTRADAY,LONG,0.004036567493570029,0.004394,0.05,0.004036567493570029,0.005585441688099906,,,
2026-09-14,V12_LS_50_50,UNI,REBALANCE_EXIT,LONG,6.119,6.369,0.05,,,,,
2026-09-14,V12_LS_50_50,UP,ENTRY,SHORT,0.3335,0.3335,-0.05,,,0.20338756633883343,0.40677513267766685,0.12203253980330005
2026-09-14,V12_LS_50_50_StopVol,BEAT,ENTRY,SHORT,0.0808,0.0808,-0.013930461877674445,,,0.35,0.7,0.21535538637149776
2026-09-14,V12_LS_50_50_StopVol,CAP,REBALANCE_EXIT,SHORT,0.04707,0.0466,-0.025576172372225987,,,,,
2026-09-14,V12_LS_50_50_StopVol,FARTCOIN,ENTRY,SHORT,0.1387,0.1387,-0.028186309871652483,,,0.17739108179707472,0.35478216359414944,0.10643464907824482
2026-09-14,V12_LS_50_50_StopVol,LAB,ENTRY,SHORT,0.05588,0.05588,-0.01391721108801236,,,0.35,0.7,0.21556042953060195
2026-09-14,V12_LS_50_50_StopVol,MUBARAK,ENTRY,LONG,0.029952,0.029952,0.022705245103318117,,,0.2202134342636674,0.4404268685273348,0.13212806055820042
2026-09-14,V12_LS_50_50_StopVol,PENDLE,ENTRY,LONG,2.089,2.089,0.04173653766994647,,,0.1197991083865202,0.2395982167730404,0.07187946503191213
2026-09-14,V12_LS_50_50_StopVol,REZ,ENTRY,LONG,0.004394,0.004394,0.036879689907506,,,0.13557597725306164,0.2711519545061233,0.08134558635183697
2026-09-14,V12_LS_50_50_StopVol,REZ,STOP_INTRADAY,LONG,0.004036567493570029,0.004394,0.036879689907506,0.004036567493570029,0.005585441688099906,,,
2026-09-14,V12_LS_50_50_StopVol,UNI,REBALANCE_EXIT,LONG,6.119,6.369,0.034207034205623196,,,,,
2026-09-14,V12_LS_50_50_StopVol,UP,ENTRY,SHORT,0.3335,0.3335,-0.024583607002161837,,,0.20338756633883343,0.40677513267766685,0.12203253980330005
2026-09-14,V12_LS_70_30,BEAT,ENTRY,SHORT,0.0808,0.0808,-0.03,,,0.35,0.7,0.21535538637149776
2026-09-14,V12_LS_70_30,CAP,REBALANCE_EXIT,SHORT,0.04707,0.0466,-0.03,,,,,
2026-09-14,V12_LS_70_30,FARTCOIN,ENTRY,SHORT,0.1387,0.1387,-0.03,,,0.17739108179707472,0.35478216359414944,0.10643464907824482
2026-09-14,V12_LS_70_30,LAB,ENTRY,SHORT,0.05588,0.05588,-0.03,,,0.35,0.7,0.21556042953060195
2026-09-14,V12_LS_70_30,MUBARAK,ENTRY,LONG,0.029952,0.029952,0.06999999999999999,,,0.2202134342636674,0.4404268685273348,0.13212806055820042
2026-09-14,V12_LS_70_30,PENDLE,ENTRY,LONG,2.089,2.089,0.06999999999999999,,,0.1197991083865202,0.2395982167730404,0.07187946503191213
2026-09-14,V12_LS_70_30,REZ,ENTRY,LONG,0.004394,0.004394,0.06999999999999999,,,0.13557597725306164,0.2711519545061233,0.08134558635183697
2026-09-14,V12_LS_70_30,REZ,STOP_INTRADAY,LONG,0.004036567493570029,0.004394,0.06999999999999999,0.004036567493570029,0.005585441688099906,,,
2026-09-14,V12_LS_70_30,UNI,REBALANCE_EXIT,LONG,6.119,6.369,0.06999999999999999,,,,,
2026-09-14,V12_LS_70_30,UP,ENTRY,SHORT,0.3335,0.3335,-0.03,,,0.20338756633883343,0.40677513267766685,0.12203253980330005
2026-09-14,V12_LS_70_30_StopVol,BEAT,ENTRY,SHORT,0.0808,0.0808,-0.008358277126604667,,,0.35,0.7,0.21535538637149776
2026-09-14,V12_LS_70_30_StopVol,CAP,REBALANCE_EXIT,SHORT,0.04707,0.0466,-0.015345703423335591,,,,,
2026-09-14,V12_LS_70_30_StopVol,FARTCOIN,ENTRY,SHORT,0.1387,0.1387,-0.016911785922991487,,,0.17739108179707472,0.35478216359414944,0.10643464907824482
2026-09-14,V12_LS_70_30_StopVol,LAB,ENTRY,SHORT,0.05588,0.05588,-0.008350326652807416,,,0.35,0.7,0.21556042953060195
2026-09-14,V12_LS_70_30_StopVol,MUBARAK,ENTRY,LONG,0.029952,0.029952,0.03178734314464536,,,0.2202134342636674,0.4404268685273348,0.13212806055820042
2026-09-14,V12_LS_70_30_StopVol,PENDLE,ENTRY,LONG,2.089,2.089,0.05843115273792505,,,0.1197991083865202,0.2395982167730404,0.07187946503191213
2026-09-14,V12_LS_70_30_StopVol,REZ,ENTRY,LONG,0.004394,0.004394,0.05163156587050839,,,0.13557597725306164,0.2711519545061233,0.08134558635183697
2026-09-14,V12_LS_70_30_StopVol,REZ,STOP_INTRADAY,LONG,0.004036567493570029,0.004394,0.05163156587050839,0.004036567493570029,0.005585441688099906,,,
2026-09-14,V12_LS_70_30_StopVol,UNI,REBALANCE_EXIT,LONG,6.119,6.369,0.04788984788787247,,,,,
2026-09-14,V12_LS_70_30_StopVol,UP,ENTRY,SHORT,0.3335,0.3335,-0.014750164201297102,,,0.20338756633883343,0.40677513267766685,0.12203253980330005
2026-09-15,V12_LS_50_50,ARB,REBALANCE_EXIT,LONG,0.1336,0.13941,0.05,,,,,
2026-09-15,V12_LS_50_50,BILL,STOP_INTRADAY,SHORT,0.013400853059569518,0.01403,-0.05,0.013400853059569518,0.010899116659830059,,,
2026-09-15,V12_LS_50_50,CASHCAT,REBALANCE_EXIT,SHORT,0.16232,0.16376,-0.05,,,,,
2026-09-15,V12_LS_50_50,EDEN,ENTRY,SHORT,0.0475,0.0475,-0.05,,,0.20073153975439958,0.40146307950879917,0.12043892385263974
2026-09-15,V12_LS_50_50,FIL,ENTRY,LONG,0.9351,0.9351,0.05,,,0.14568209021364664,0.2913641804272933,0.08740925412818798
2026-09-15,V12_LS_50_50,FIL,STOP_INTRADAY,LONG,0.8533636064647314,0.9351,0.05,0.8533636064647314,1.207554645117562,,,
2026-09-15,V12_LS_50_50,PENDLE,STOP_INTRADAY,LONG,2.2868889981613685,2.089,0.05,2.2868889981613685,2.5895206748388815,,,
2026-09-15,V12_LS_50_50,RAVE,STOP_INTRADAY,SHORT,0.18636501203078953,0.1989,-0.05,0.18636501203078953,0.14891671681238633,,,
2026-09-15,V12_LS_50_50,VVV,ENTRY,LONG,23.128,23.128,0.05,,,0.2281953842019694,0.4563907684039388,0.13691723052118165
2026-09-15,V12_LS_50_50_StopVol,ARB,REBALANCE_EXIT,LONG,0.1336,0.13941,0.019261227570311765,,,,,
2026-09-15,V12_LS_50_50_StopVol,BILL,STOP_INTRADAY,SHORT,0.013400853059569518,0.01403,-0.044661784257790764,0.013400853059569518,0.010899116659830059,,,
2026-09-15,V12_LS_50_50_StopVol,CASHCAT,REBALANCE_EXIT,SHORT,0.16232,0.16376,-0.014336871000660549,,,,,
2026-09-15,V12_LS_50_50_StopVol,EDEN,ENTRY,SHORT,0.0475,0.0475,-0.024908890780779316,,,0.20073153975439958,0.40146307950879917,0.12043892385263974
2026-09-15,V12_LS_50_50_StopVol,FIL,ENTRY,LONG,0.9351,0.9351,0.03432130876669444,,,0.14568209021364664,0.2913641804272933,0.08740925412818798
2026-09-15,V12_LS_50_50_StopVol,FIL,STOP_INTRADAY,LONG,0.8533636064647314,0.9351,0.03432130876669444,0.8533636064647314,1.207554645117562,,,
2026-09-15,V12_LS_50_50_StopVol,PENDLE,STOP_INTRADAY,LONG,2.2868889981613685,2.089,0.038357307476785896,2.2868889981613685,2.5895206748388815,,,
2026-09-15,V12_LS_50_50_StopVol,RAVE,STOP_INTRADAY,SHORT,0.18636501203078953,0.1989,-0.03912308681316621,0.18636501203078953,0.14891671681238633,,,
2026-09-15,V12_LS_50_50_StopVol,VVV,ENTRY,LONG,23.128,23.128,0.021911047927133526,,,0.2281953842019694,0.4563907684039388,0.13691723052118165
2026-09-15,V12_LS_70_30,ARB,REBALANCE_EXIT,LONG,0.1336,0.13941,0.06999999999999999,,,,,
2026-09-15,V12_LS_70_30,BILL,STOP_INTRADAY,SHORT,0.013400853059569518,0.01403,-0.03,0.013400853059569518,0.010899116659830059,,,
2026-09-15,V12_LS_70_30,CASHCAT,REBALANCE_EXIT,SHORT,0.16232,0.16376,-0.03,,,,,
2026-09-15,V12_LS_70_30,EDEN,ENTRY,SHORT,0.0475,0.0475,-0.03,,,0.20073153975439958,0.40146307950879917,0.12043892385263974
2026-09-15,V12_LS_70_30,FIL,ENTRY,LONG,0.9351,0.9351,0.06999999999999999,,,0.14568209021364664,0.2913641804272933,0.08740925412818798
2026-09-15,V12_LS_70_30,FIL,STOP_INTRADAY,LONG,0.8533636064647314,0.9351,0.06999999999999999,0.8533636064647314,1.207554645117562,,,
2026-09-15,V12_LS_70_30,PENDLE,STOP_INTRADAY,LONG,2.2868889981613685,2.089,0.06999999999999999,2.2868889981613685,2.5895206748388815,,,
2026-09-15,V12_LS_70_30,RAVE,STOP_INTRADAY,SHORT,0.18636501203078953,0.1989,-0.03,0.18636501203078953,0.14891671681238633,,,
2026-09-15,V12_LS_70_30,VVV,ENTRY,LONG,23.128,23.128,0.06999999999999999,,,0.2281953842019694,0.4563907684039388,0.13691723052118165
2026-09-15,V12_LS_70_30_StopVol,ARB,REBALANCE_EXIT,LONG,0.1336,0.13941,0.026965718598436467,,,,,
2026-09-15,V12_LS_70_30_StopVol,BILL,STOP_INTRADAY,SHORT,0.013400853059569518,0.01403,-0.026797070554674455,0.013400853059569518,0.010899116659830059,,,
2026-09-15,V12_LS_70_30_StopVol,CASHCAT,REBALANCE_EXIT,SHORT,0.16232,0.16376,-0.008602122600396328,,,,,
2026-09-15,V12_LS_70_30_StopVol,EDEN,ENTRY,SHORT,0.0475,0.0475,-0.014945334468467587,,,0.20073153975439958,0.40146307950879917,0.12043892385263974
2026-09-15,V12_LS_70_30_StopVol,FIL,ENTRY,LONG,0.9351,0.9351,0.04804983227337221,,,0.14568209021364664,0.2913641804272933,0.08740925412818798
2026-09-15,V12_LS_70_30_StopVol,FIL,STOP_INTRADAY,LONG,0.8533636064647314,0.9351,0.04804983227337221,0.8533636064647314,1.207554645117562,,,
2026-09-15,V12_LS_70_30_StopVol,PENDLE,STOP_INTRADAY,LONG,2.2868889981613685,2.089,0.05370023046750024,2.2868889981613685,2.5895206748388815,,,
2026-09-15,V12_LS_70_30_StopVol,RAVE,STOP_INTRADAY,SHORT,0.18636501203078953,0.1989,-0.023473852087899726,0.18636501203078953,0.14891671681238633,,,
2026-09-15,V12_LS_70_30_StopVol,VVV,ENTRY,LONG,23.128,23.128,0.030675467097986932,,,0.2281953842019694,0.4563907684039388,0.13691723052118165
2026-09-16,V12_LS_50_50,BSB,ENTRY,SHORT,0.09169,0.09169,-0.05,,,0.15102162745573872,0.30204325491147743,0.09061297647344324
2026-09-16,V12_LS_50_50,HOME,REBALANCE_EXIT,SHORT,0.005272,0.005472,-0.05,,,,,
2026-09-16,V12_LS_50_50,NEAR,ENTRY,LONG,2.336,2.336,0.05,,,0.13257623639453228,0.26515247278906456,0.07954574183671936
2026-09-16,V12_LS_50_50,UNI,ENTRY,LONG,6.36,6.36,0.05,,,0.1441075785600681,0.2882151571201362,0.08646454713604085
2026-09-16,V12_LS_50_50,UP,STOP_INTRADAY,SHORT,0.3311118024959538,0.3335,-0.05,0.3311118024959538,0.19784049325199812,,,
2026-09-16,V12_LS_50_50_StopVol,BSB,ENTRY,SHORT,0.09169,0.09169,-0.033107840805552145,,,0.15102162745573872,0.30204325491147743,0.09061297647344324
2026-09-16,V12_LS_50_50_StopVol,HOME,REBALANCE_EXIT,SHORT,0.005272,0.005472,-0.047182253237135895,,,,,
2026-09-16,V12_LS_50_50_StopVol,NEAR,ENTRY,LONG,2.336,2.336,0.037714149503539615,,,0.13257623639453228,0.26515247278906456,0.07954574183671936
2026-09-16,V12_LS_50_50_StopVol,UNI,ENTRY,LONG,6.36,6.36,0.034696301540559575,,,0.1441075785600681,0.2882151571201362,0.08646454713604085
2026-09-16,V12_LS_50_50_StopVol,UP,STOP_INTRADAY,SHORT,0.3311118024959538,0.3335,-0.02391276461486168,0.3311118024959538,0.19784049325199812,,,
2026-09-16,V12_LS_70_30,BSB,ENTRY,SHORT,0.09169,0.09169,-0.03,,,0.15102162745573872,0.30204325491147743,0.09061297647344324
2026-09-16,V12_LS_70_30,HOME,REBALANCE_EXIT,SHORT,0.005272,0.005472,-0.03,,,,,
2026-09-16,V12_LS_70_30,NEAR,ENTRY,LONG,2.336,2.336,0.06999999999999999,,,0.13257623639453228,0.26515247278906456,0.07954574183671936
2026-09-16,V12_LS_70_30,UNI,ENTRY,LONG,6.36,6.36,0.06999999999999999,,,0.1441075785600681,0.2882151571201362,0.08646454713604085
2026-09-16,V12_LS_70_30,UP,STOP_INTRADAY,SHORT,0.3311118024959538,0.3335,-0.03,0.3311118024959538,0.19784049325199812,,,
2026-09-16,V12_LS_70_30_StopVol,BSB,ENTRY,SHORT,0.09169,0.09169,-0.019864704483331285,,,0.15102162745573872,0.30204325491147743,0.09061297647344324
2026-09-16,V12_LS_70_30_StopVol,HOME,REBALANCE_EXIT,SHORT,0.005272,0.005472,-0.028309351942281534,,,,,
2026-09-16,V12_LS_70_30_StopVol,NEAR,ENTRY,LONG,2.336,2.336,0.05279980930495545,,,0.13257623639453228,0.26515247278906456,0.07954574183671936
2026-09-16,V12_LS_70_30_StopVol,UNI,ENTRY,LONG,6.36,6.36,0.048574822156783395,,,0.1441075785600681,0.2882151571201362,0.08646454713604085
2026-09-16,V12_LS_70_30_StopVol,UP,STOP_INTRADAY,SHORT,0.3311118024959538,0.3335,-0.014347658768917006,0.3311118024959538,0.19784049325199812,,,
2026-09-17,V12_LS_50_50,ARB,ENTRY,LONG,0.16802,0.16802,0.05,,,0.26584604013803825,0.5316920802760765,0.15950762408282293
2026-09-17,V12_LS_50_50,BSB,REBALANCE_EXIT,SHORT,0.09144,0.09169,-0.05,,,,,
2026-09-17,V12_LS_50_50,EDEN,REBALANCE_EXIT,SHORT,0.04634,0.0475,-0.05,,,,,
2026-09-17,V12_LS_50_50,FARTCOIN,REBALANCE_EXIT,SHORT,0.1376,0.1387,-0.05,,,,,
2026-09-17,V12_LS_50_50,LAB,STOP_INTRADAY,SHORT,0.05596440217558891,0.05588,-0.05,0.05596440217558891,0.016764,,,
2026-09-17,V12_LS_50_50,MUBARAK,REBALANCE_EXIT,LONG,0.028907,0.029952,0.05,,,,,
2026-09-17,V12_LS_50_50,NEAR,TAKE_PROFIT_INTRADAY,LONG,2.9553961764352548,2.336,0.05,2.423556061743918,2.9553961764352548,,,
2026-09-17,V12_LS_50_50,OPN,ENTRY,SHORT,0.04417,0.04417,-0.05,,,0.11281584456826475,0.2256316891365295,0.06768950674095885
2026-09-17,V12_LS_50_50_StopVol,ARB,ENTRY,LONG,0.16802,0.16802,0.018807878414904333,,,0.26584604013803825,0.5316920802760765,0.15950762408282293
2026-09-17,V12_LS_50_50_StopVol,BSB,REBALANCE_EXIT,SHORT,0.09144,0.09169,-0.033107840805552145,,,,,
2026-09-17,V12_LS_50_50_StopVol,EDEN,REBALANCE_EXIT,SHORT,0.04634,0.0475,-0.024828467054461553,,,,,
2026-09-17,V12_LS_50_50_StopVol,FARTCOIN,REBALANCE_EXIT,SHORT,0.1376,0.1387,-0.02800645532053213,,,,,
2026-09-17,V12_LS_50_50_StopVol,LAB,STOP_INTRADAY,SHORT,0.05596440217558891,0.05588,-0.013832071313844042,0.05596440217558891,0.016764,,,
2026-09-17,V12_LS_50_50_StopVol,MUBARAK,REBALANCE_EXIT,LONG,0.028907,0.029952,0.02314071462611009,,,,,
2026-09-17,V12_LS_50_50_StopVol,NEAR,TAKE_PROFIT_INTRADAY,LONG,2.9553961764352548,2.336,0.03534796096063323,2.423556061743918,2.9553961764352548,,,
2026-09-17,V12_LS_50_50_StopVol,OPN,ENTRY,SHORT,0.04417,0.04417,-0.04432001567806821,,,0.11281584456826475,0.2256316891365295,0.06768950674095885
2026-09-17,V12_LS_70_30,ARB,ENTRY,LONG,0.16802,0.16802,0.06999999999999999,,,0.26584604013803825,0.5316920802760765,0.15950762408282293
2026-09-17,V12_LS_70_30,BSB,REBALANCE_EXIT,SHORT,0.09144,0.09169,-0.03,,,,,
2026-09-17,V12_LS_70_30,EDEN,REBALANCE_EXIT,SHORT,0.04634,0.0475,-0.03,,,,,
2026-09-17,V12_LS_70_30,FARTCOIN,REBALANCE_EXIT,SHORT,0.1376,0.1387,-0.03,,,,,
2026-09-17,V12_LS_70_30,LAB,STOP_INTRADAY,SHORT,0.05596440217558891,0.05588,-0.03,0.05596440217558891,0.016764,,,
2026-09-17,V12_LS_70_30,MUBARAK,REBALANCE_EXIT,LONG,0.028907,0.029952,0.06999999999999999,,,,,
2026-09-17,V12_LS_70_30,NEAR,TAKE_PROFIT_INTRADAY,LONG,2.9553961764352548,2.336,0.06999999999999999,2.423556061743918,2.9553961764352548,,,
2026-09-17,V12_LS_70_30,OPN,ENTRY,SHORT,0.04417,0.04417,-0.03,,,0.11281584456826475,0.2256316891365295,0.06768950674095885
2026-09-17,V12_LS_70_30_StopVol,ARB,ENTRY,LONG,0.16802,0.16802,0.026331029780866065,,,0.26584604013803825,0.5316920802760765,0.15950762408282293
2026-09-17,V12_LS_70_30_StopVol,BSB,REBALANCE_EXIT,SHORT,0.09144,0.09169,-0.019864704483331285,,,,,
2026-09-17,V12_LS_70_30_StopVol,EDEN,REBALANCE_EXIT,SHORT,0.04634,0.0475,-0.014897080232676932,,,,,
2026-09-17,V12_LS_70_30_StopVol,FARTCOIN,REBALANCE_EXIT,SHORT,0.1376,0.1387,-0.01680387319231928,,,,,
2026-09-17,V12_LS_70_30_StopVol,LAB,STOP_INTRADAY,SHORT,0.05596440217558891,0.05588,-0.008299242788306424,0.05596440217558891,0.016764,,,
2026-09-17,V12_LS_70_30_StopVol,MUBARAK,REBALANCE_EXIT,LONG,0.028907,0.029952,0.032397000476554125,,,,,
2026-09-17,V12_LS_70_30_StopVol,NEAR,TAKE_PROFIT_INTRADAY,LONG,2.9553961764352548,2.336,0.04948714534488652,2.423556061743918,2.9553961764352548,,,
2026-09-17,V12_LS_70_30_StopVol,OPN,ENTRY,SHORT,0.04417,0.04417,-0.026592009406840925,,,0.11281584456826475,0.2256316891365295,0.06768950674095885
2026-09-18,V12_LS_50_50,BILL,ENTRY,SHORT,0.01385,0.01385,-0.05,,,0.12014253080609297,0.24028506161218594,0.07208551848365577
2026-09-18,V12_LS_50_50,CAKE,ENTRY,LONG,2.4388,2.4388,0.05,,,0.11259180381516237,0.22518360763032474,0.06755508228909743
2026-09-18,V12_LS_50_50,DASH,ENTRY,LONG,61.04,61.04,0.05,,,0.2184489078270256,0.4368978156540512,0.13106934469621537
2026-09-18,V12_LS_50_50,MORPHO,ENTRY,SHORT,2.2172,2.2172,-0.05,,,0.15428390150688343,0.30856780301376685,0.09257034090413006
2026-09-18,V12_LS_50_50,MORPHO,STOP_INTRADAY,SHORT,2.4224469598526372,2.2172,-0.05,2.4224469598526372,1.533043467157876,,,
2026-09-18,V12_LS_50_50,OPN,STOP_INTRADAY,SHORT,0.0466580314445799,0.04417,-0.05,0.0466580314445799,0.03420384829083949,,,
2026-09-18,V12_LS_50_50,PENDLE,ENTRY,LONG,2.346,2.346,0.05,,,0.12973968571227656,0.25947937142455313,0.07784381142736595
2026-09-18,V12_LS_50_50,STABLE,ENTRY,SHORT,0.02349,0.02349,-0.05,,,0.0977595881277339,0.1955191762554678,0.058655752876640335
2026-09-18,V12_LS_50_50,STABLE,STOP_INTRADAY,SHORT,0.02486782363507228,0.02349,-0.05,0.02486782363507228,0.018897254549759063,,,
2026-09-18,V12_LS_50_50,TRIA,STOP_INTRADAY,SHORT,0.0037601095066758083,0.003685,-0.05,0.0037601095066758083,0.0018006405602245868,,,
2026-09-18,V12_LS_50_50,UNI,TAKE_PROFIT_INTRADAY,LONG,8.193048399284066,6.36,0.05,7.1831292658693116,8.193048399284066,,,
2026-09-18,V12_LS_50_50_StopVol,BILL,ENTRY,SHORT,0.01385,0.01385,-0.04161723551562165,,,0.12014253080609297,0.24028506161218594,0.07208551848365577
2026-09-18,V12_LS_50_50_StopVol,CAKE,ENTRY,LONG,2.4388,2.4388,0.044408205842481285,,,0.11259180381516237,0.22518360763032474,0.06755508228909743
2026-09-18,V12_LS_50_50_StopVol,DASH,ENTRY,LONG,61.04,61.04,0.022888647280210485,,,0.2184489078270256,0.4368978156540512,0.13106934469621537
2026-09-18,V12_LS_50_50_StopVol,MORPHO,ENTRY,SHORT,2.2172,2.2172,-0.03240778818246908,,,0.15428390150688343,0.30856780301376685,0.09257034090413006
2026-09-18,V12_LS_50_50_StopVol,MORPHO,STOP_INTRADAY,SHORT,2.4224469598526372,2.2172,-0.03240778818246908,2.4224469598526372,1.533043467157876,,,
2026-09-18,V12_LS_50_50_StopVol,OPN,STOP_INTRADAY,SHORT,0.0466580314445799,0.04417,-0.047057408862442696,0.0466580314445799,0.03420384829083949,,,
2026-09-18,V12_LS_50_50_StopVol,PENDLE,ENTRY,LONG,2.346,2.346,0.03853870905074096,,,0.12973968571227656,0.25947937142455313,0.07784381142736595
2026-09-18,V12_LS_50_50_StopVol,STABLE,ENTRY,SHORT,0.02349,0.02349,-0.05,,,0.0977595881277339,0.1955191762554678,0.058655752876640335
2026-09-18,V12_LS_50_50_StopVol,STABLE,STOP_INTRADAY,SHORT,0.02486782363507228,0.02349,-0.05,0.02486782363507228,0.018897254549759063,,,
2026-09-18,V12_LS_50_50_StopVol,TRIA,STOP_INTRADAY,SHORT,0.0037601095066758083,0.003685,-0.020726779358818254,0.0037601095066758083,0.0018006405602245868,,,
2026-09-18,V12_LS_50_50_StopVol,UNI,TAKE_PROFIT_INTRADAY,LONG,8.193048399284066,6.36,0.031937702971476606,7.1831292658693116,8.193048399284066,,,
2026-09-18,V12_LS_70_30,BILL,ENTRY,SHORT,0.01385,0.01385,-0.03,,,0.12014253080609297,0.24028506161218594,0.07208551848365577
2026-09-18,V12_LS_70_30,CAKE,ENTRY,LONG,2.4388,2.4388,0.06999999999999999,,,0.11259180381516237,0.22518360763032474,0.06755508228909743
2026-09-18,V12_LS_70_30,DASH,ENTRY,LONG,61.04,61.04,0.06999999999999999,,,0.2184489078270256,0.4368978156540512,0.13106934469621537
2026-09-18,V12_LS_70_30,MORPHO,ENTRY,SHORT,2.2172,2.2172,-0.03,,,0.15428390150688343,0.30856780301376685,0.09257034090413006
2026-09-18,V12_LS_70_30,MORPHO,STOP_INTRADAY,SHORT,2.4224469598526372,2.2172,-0.03,2.4224469598526372,1.533043467157876,,,
2026-09-18,V12_LS_70_30,OPN,STOP_INTRADAY,SHORT,0.0466580314445799,0.04417,-0.03,0.0466580314445799,0.03420384829083949,,,
2026-09-18,V12_LS_70_30,PENDLE,ENTRY,LONG,2.346,2.346,0.06999999999999999,,,0.12973968571227656,0.25947937142455313,0.07784381142736595
2026-09-18,V12_LS_70_30,STABLE,ENTRY,SHORT,0.02349,0.02349,-0.03,,,0.0977595881277339,0.1955191762554678,0.058655752876640335
2026-09-18,V12_LS_70_30,STABLE,STOP_INTRADAY,SHORT,0.02486782363507228,0.02349,-0.03,0.02486782363507228,0.018897254549759063,,,
2026-09-18,V12_LS_70_30,TRIA,STOP_INTRADAY,SHORT,0.0037601095066758083,0.003685,-0.03,0.0037601095066758083,0.0018006405602245868,,,
2026-09-18,V12_LS_70_30,UNI,TAKE_PROFIT_INTRADAY,LONG,8.193048399284066,6.36,0.06999999999999999,7.1831292658693116,8.193048399284066,,,
2026-09-18,V12_LS_70_30_StopVol,BILL,ENTRY,SHORT,0.01385,0.01385,-0.02497034130937299,,,0.12014253080609297,0.24028506161218594,0.07208551848365577
2026-09-18,V12_LS_70_30_StopVol,CAKE,ENTRY,LONG,2.4388,2.4388,0.06217148817947379,,,0.11259180381516237,0.22518360763032474,0.06755508228909743
2026-09-18,V12_LS_70_30_StopVol,DASH,ENTRY,LONG,61.04,61.04,0.032044106192294676,,,0.2184489078270256,0.4368978156540512,0.13106934469621537
2026-09-18,V12_LS_70_30_StopVol,MORPHO,ENTRY,SHORT,2.2172,2.2172,-0.019444672909481445,,,0.15428390150688343,0.30856780301376685,0.09257034090413006
2026-09-18,V12_LS_70_30_StopVol,MORPHO,STOP_INTRADAY,SHORT,2.4224469598526372,2.2172,-0.019444672909481445,2.4224469598526372,1.533043467157876,,,
2026-09-18,V12_LS_70_30_StopVol,OPN,STOP_INTRADAY,SHORT,0.0466580314445799,0.04417,-0.028234445317465613,0.0466580314445799,0.03420384829083949,,,
2026-09-18,V12_LS_70_30_StopVol,PENDLE,ENTRY,LONG,2.346,2.346,0.05395419267103733,,,0.12973968571227656,0.25947937142455313,0.07784381142736595
2026-09-18,V12_LS_70_30_StopVol,STABLE,ENTRY,SHORT,0.02349,0.02349,-0.03,,,0.0977595881277339,0.1955191762554678,0.058655752876640335
2026-09-18,V12_LS_70_30_StopVol,STABLE,STOP_INTRADAY,SHORT,0.02486782363507228,0.02349,-0.03,0.02486782363507228,0.018897254549759063,,,
2026-09-18,V12_LS_70_30_StopVol,TRIA,STOP_INTRADAY,SHORT,0.0037601095066758083,0.003685,-0.01243606761529095,0.0037601095066758083,0.0018006405602245868,,,
2026-09-18,V12_LS_70_30_StopVol,UNI,TAKE_PROFIT_INTRADAY,LONG,8.193048399284066,6.36,0.04471278416006724,7.1831292658693116,8.193048399284066,,,
2026-09-19,V12_LS_50_50,CAKE,REBALANCE_EXIT,LONG,2.4174,2.4388,0.05,,,,,
2026-09-19,V12_LS_50_50,DASH,REBALANCE_EXIT,LONG,63.5,61.04,0.05,,,,,
2026-09-19,V12_LS_50_50,EDEN,ENTRY,SHORT,0.0536,0.0536,-0.05,,,0.1966519003292279,0.3933038006584558,0.11799114019753676
2026-09-19,V12_LS_50_50,REZ,ENTRY,LONG,0.003847,0.003847,0.05,,,0.15467433766468458,0.30934867532936916,0.09280460259881075
2026-09-19,V12_LS_50_50,ZEC,TAKE_PROFIT_INTRADAY,LONG,1594.4851063335336,1122.61,0.05,1383.8448768141186,1594.4851063335336,,,
2026-09-19,V12_LS_50_50_StopVol,CAKE,REBALANCE_EXIT,LONG,2.4174,2.4388,0.044408205842481285,,,,,
2026-09-19,V12_LS_50_50_StopVol,DASH,REBALANCE_EXIT,LONG,63.5,61.04,0.022888647280210485,,,,,
2026-09-19,V12_LS_50_50_StopVol,EDEN,ENTRY,SHORT,0.0536,0.0536,-0.025425637848549495,,,0.1966519003292279,0.3933038006584558,0.11799114019753676
2026-09-19,V12_LS_50_50_StopVol,REZ,ENTRY,LONG,0.003847,0.003847,0.03232598293609248,,,0.15467433766468458,0.30934867532936916,0.09280460259881075
2026-09-19,V12_LS_50_50_StopVol,ZEC,TAKE_PROFIT_INTRADAY,LONG,1594.4851063335336,1122.61,0.021824975447280986,1383.8448768141186,1594.4851063335336,,,
2026-09-19,V12_LS_70_30,CAKE,REBALANCE_EXIT,LONG,2.4174,2.4388,0.06999999999999999,,,,,
2026-09-19,V12_LS_70_30,DASH,REBALANCE_EXIT,LONG,63.5,61.04,0.06999999999999999,,,,,
2026-09-19,V12_LS_70_30,EDEN,ENTRY,SHORT,0.0536,0.0536,-0.03,,,0.1966519003292279,0.3933038006584558,0.11799114019753676
2026-09-19,V12_LS_70_30,REZ,ENTRY,LONG,0.003847,0.003847,0.06999999999999999,,,0.15467433766468458,0.30934867532936916,0.09280460259881075
2026-09-19,V12_LS_70_30,ZEC,TAKE_PROFIT_INTRADAY,LONG,1594.4851063335336,1122.61,0.06999999999999999,1383.8448768141186,1594.4851063335336,,,
2026-09-19,V12_LS_70_30_StopVol,CAKE,REBALANCE_EXIT,LONG,2.4174,2.4388,0.06217148817947379,,,,,
2026-09-19,V12_LS_70_30_StopVol,DASH,REBALANCE_EXIT,LONG,63.5,61.04,0.032044106192294676,,,,,
2026-09-19,V12_LS_70_30_StopVol,EDEN,ENTRY,SHORT,0.0536,0.0536,-0.015255382709129696,,,0.1966519003292279,0.3933038006584558,0.11799114019753676
2026-09-19,V12_LS_70_30_StopVol,REZ,ENTRY,LONG,0.003847,0.003847,0.04525637611052947,,,0.15467433766468458,0.30934867532936916,0.09280460259881075
2026-09-19,V12_LS_70_30_StopVol,ZEC,TAKE_PROFIT_INTRADAY,LONG,1594.4851063335336,1122.61,0.030554965626193375,1383.8448768141186,1594.4851063335336,,,
