cmc_id,cmc_symbol,cmc_slug,cmc_rank
1,BTC,bitcoin,1
1027,ETH,ethereum,2
825,USDT,tether,3
1839,BNB,bnb,4
52,XRP,xrp,5
3408,USDC,usd-coin,6
5426,SOL,solana,7
1958,TRX,tron,8
32196,HYPE,hyperliquid,9
1437,ZEC,zcash,10
74,DOGE,dogecoin,11
328,XMR,monero,12
1975,LINK,chainlink,13
2010,ADA,cardano,14
3957,LEO,unus-sed-leo,15
512,XLM,stellar,16
6535,NEAR,near-protocol,17
1831,BCH,bitcoin-cash,18
2,LTC,litecoin,19
7083,UNI,uniswap,20
5805,AVAX,avalanche,21
29470,USDe,ethena-usde,22
37263,CC,canton-network,23
20947,SUI,sui,24
4943,DAI,multi-collateral-dai,25
36148,USD1,usd1,26
4642,HBAR,hedera,27
11419,GRAM,gram,28
22974,TAO,bittensor,29
5994,SHIB,shiba-inu,30
33793,USDG,global-dollar-usdg,31
3635,CRO,cronos,32
3155,QNT,quant,33
30171,ENA,ethena,34
5176,XAUt,tether-gold,35
27772,PYUSD,paypal-usd,36
36507,PUMP,pump-fun,37
3897,OKB,okb,38
7278,AAVE,aave,39
34387,RLUSD,ripple-usd,40
35491,M,memecore,41
21159,ONDO,ondo-finance,42
13502,WLD,worldcoin-org,43
36341,ASTER,aster,44
27075,MNT,mantle,45
6636,DOT,polkadot-new,46
33038,SKY,sky,47
4705,PAXG,pax-gold,48
8916,ICP,internet-computer,49
33251,WLFI,world-liberty-financial-wlfi,50
24478,PEPE,pepe,51
19891,USDD,usdd,52
39120,U,united-stables,53
11092,BGB,bitget-token-new,54
34104,MORPHO,morpho,55
1321,ETC,ethereum-classic,56
11841,ARB,arbitrum,57
35509,VVV,venice-token,58
29210,JUP,jupiter-ag,59
5488,JST,just,60
4269,GT,gatetoken,61
20396,KAS,kaspa,62
28321,POL,polygon-ecosystem-token,63
4030,ALGO,algorand,64
2087,KCS,kucoin-token,65
5690,RENDER,render,66
3794,ATOM,cosmos,67
35697,PI,pi,68
39125,LIT,lighter,69
2280,FIL,filecoin,70
26997,ZRO,layerzero,71
29270,AERO,aerodrome-finance,72
39064,NIGHT,midnight-network,73
7226,INJ,injective,74
38892,STABLE,stable,75
7186,CAKE,pancakeswap,76
29814,ETHFI,ether-fi-ethfi,77
131,DASH,dash,78
2634,XDC,xdc-network,79
3077,VET,vechain,80
4847,STX,stacks,81
21794,APT,aptos,82
8526,RAY,raydium,83
6538,CRV,curve-dao-token,84
7950,FLR,flare,85
28177,PYTH,pyth-network,86
34466,PENGU,pudgy-penguins,87
3773,FET,artificial-superintelligence-alliance,88
2694,NEXO,nexo,89
35336,TRUMP,official-trump,90
23149,SEI,sei,91
29420,VIRTUAL,virtual-protocol,92
2563,TUSD,trueusd,93
38590,币安人生,bianrensheng,94
20641,EURC,euro-coin,95
22861,TIA,celestia,96
36645,XPL,plasma-xpl,97
9481,PENDLE,pendle,98
3602,BSV,bitcoin-sv,99
8000,LDO,lido-dao,100
38849,PIEVERSE,pieverse,101
38482,FF,falcon-finance-ff,102
22691,STRK,starknet-token,103
28081,SPX,spx6900,104
16086,BTT,bittorrent-new,105
10603,IMX,immutable-x,106
38828,KITE,kite,107
2011,XTZ,tezos,108
10529,SUN,sun-token,109
26081,FDUSD,first-digital-usd,110
1659,GNO,gnosis-gno,111
1168,DCR,decred,112
23095,BONK,bonk1,113
30495,MON,monad,114
6719,GRT,the-graph,115
28541,JTO,jito,116
5632,AR,arweave,117
11840,OP,optimism-ethereum,118
4172,LUNC,terra-luna,119
33824,SYRUP,maple-finance,120
13855,ENS,ethereum-name-service,121
7334,CFX,conflux-network,122
40938,PONS,pons,123
10804,FLOKI,floki-inu,124
1720,IOTA,iota,125
32880,KAIA,kaia,126
38353,MET,meteora,127
8425,JASMY,jasmy,128
30636,ZBCN,zebec-network,129
4157,RUNE,thorchain,130
5692,COMP,compound,131
5964,TWT,trust-wallet-token,132
9816,NFT,apenft,133
28752,WIF,dogwifhat,134
30494,EIGEN,eigencloud,135
9903,CVX,convex-finance,136
6210,SAND,the-sandbox,137
2416,THETA,theta-network,138
6783,AXS,axie-infinity,139
30986,KMNO,kamino-finance,140
7431,AKT,akash-network,141
36828,USELESS,theuselesscoin,142
1966,MANA,decentraland,143
2467,TRAC,origintrail,144
39332,ZAMA,zama,145
36542,SOON,soon,146
2394,TEL,telcoin,147
38868,SENT,sentient,148
11165,ORCA,orca,149
38337,0G,zero-gravity,150
